书籍详情链接,图片链接,书名,书名简述,评分,评价数,出版相关信息,概况,作者,用户标签,出版社
https://book.douban.com/subject/19952400/,https://img2.doubanio.com/view/subject/s/public/s29107491.jpg,算法（第4版）, ,9.4,1601人,[美] Robert Sedgewick、[美] Kevin Wayne / 谢路云 / 人民邮电出版社 / 2012-10-1 / 99.00元,本书作为算法领域经典的参考书，全面介绍了关于算法和数据结构的必备知识，并特别针对排序、搜索、图处理和字符串处理进行了论述。第4版具体给出了每位程序员应知应会... ,Robert Sedgewick&Kevin Wayne,算法&计算机&编程&计算机科学&Algorithms&数据结构&Java&经典,人民邮电出版社
https://book.douban.com/subject/35680544/,https://img9.doubanio.com/view/subject/s/public/s34054114.jpg,代码随想录——跟着Carl学算法, ,9.1,94人,孙秀洋 / 电子工业出版社 / 2021-12 / 138,暂无,孙秀洋,算法&计算机&数据结构&编程&互联网&C/C++&未读&儿童文学,电子工业出版社
https://book.douban.com/subject/26979890/,https://img9.doubanio.com/view/subject/s/public/s29358625.jpg,算法图解, ,8.5,2478人,[美] Aditya Bhargava / 袁国忠 / 人民邮电出版社 / 2017-3 / 49.00元,本书示例丰富，图文并茂，以让人容易理解的方式阐释了算法，旨在帮助程序员在日常项目中更好地发挥算法的能量。书中的前三章将帮助你打下基础，带你学习二分查找、大O... ,Aditya Bhargava,算法&计算机&编程&Python&计算机科学&通俗易懂&初级&IT,人民邮电出版社
https://book.douban.com/subject/35641088/,https://img3.doubanio.com/view/subject/s/public/s34032260.jpg,计算之魂,计算科学品位和认知进阶,9.3,45人,吴军 / 人民邮电出版社 / 2021-11 / 109,对计算机科学的掌握程度，决定了一个计算机行业从业者能走多远。在本书中，作者将人文历史与计算机科学相结合，通过一些具体的例题，分10个主题系统地讲解了计算机科... ,吴军,计算机&计算机科学&吴军&算法&编程&科普&科技&程序,人民邮电出版社
https://book.douban.com/subject/35391618/,https://img9.doubanio.com/view/subject/s/public/s33849905.jpg,算法设计, ,9.3,35人,[美] Jon Kleinberg、[美] Éva Tardos / 王海鹏 / 人民邮电出版社 / 2021-3 / 119.00元,这是一本关于算法设计和分析的经典教材。本书围绕算法设计进行组织，对每种算法技术用多个典型范例进行分析，把算法的理论跟实际问题结合起来，具有很大的启发性。本书... ,Jon Kleinberg&Éva Tardos,算法&计算机&计算机科学&编程&程序设计&科普&計算機,人民邮电出版社
https://book.douban.com/subject/20432061/,https://img9.doubanio.com/view/subject/s/public/s25648004.jpg,算法导论（原书第3版）, ,9.2,1270人,Thomas H.Cormen、Charles E.Leiserson、Ronald L.Rivest、Clifford Stein / 殷建平、徐云、王刚、刘晓光、苏明、邹恒明、王宏志 / 机械工业出版社 / 2012-12 / 128.00元,在有关算法的书中，有一些叙述非常严谨，但不够全面；另一些涉及了大量的题材，但又缺乏严谨性。本书将严谨性和全面性融为一体，深入讨论各类算法，并着力使这些算法的... ,Thomas H.Cormen&Charles E.Leiserson&Ronald L.Rivest&Clifford Stein,算法&算法导论&计算机&计算机科学&编程&经典&程序设计&数据结构,机械工业出版社
https://book.douban.com/subject/30357170/,https://img2.doubanio.com/view/subject/s/public/s29901301.jpg,我的第一本算法书, ,7.6,399人,[日]石田保辉、[日]宮崎修一 / 张贝 / 人民邮电出版社 / 2018-11 / 69.00元,本书采用大量图片，通过详细的分步讲解，以直观、易懂的方式展现了7个数据结构和26个基础算法的基本原理。第1章介绍了链表、数组、栈等7个数据结构；从第2章到第... ,石田保辉&宮崎修一,算法&计算机&编程&计算机科学&科普&数据分析&Algorithms&图灵,人民邮电出版社
https://book.douban.com/subject/33437381/,https://img2.doubanio.com/view/subject/s/public/s33778163.jpg,统计学习方法（第2版）, ,9.3,428人,李航 / 清华大学出版社 / 2019-5-1 / 98.00元,统计学习方法即机器学习方法，是计算机及其应用领域的一门重要学科。本书分为监督学 习和无监督学习两篇，全面系统地介绍了统计学习的主要方法。包括感知机、k 近邻... ,李航,机器学习&统计学习&人工智能&统计学&计算机&计算机科学&MachineLearning&算法,清华大学出版社
https://book.douban.com/subject/26827295/,https://img1.doubanio.com/view/subject/s/public/s29460367.jpg,算法笔记, ,9.2,302人,胡凡、曾磊 / 机械工业出版社 / 2016-7 / 65,这是一本零基础就能读懂的算法书籍，读者不需要因为自己没有语言基础而畏惧。书籍的第2章便是一个C语言的入门教程，内容非常易懂，并且十分实用，阅读完这章就可以对... ,胡凡&曾磊,算法&数据结构&计算机&编程&计算机科学&程序设计&考研,机械工业出版社
https://book.douban.com/subject/25837031/,https://img2.doubanio.com/view/subject/s/public/s27240262.jpg,算法心得：高效算法的奥秘（原书第2版）,高效算法的奥秘,8.8,61人,"[美] Henry S. Warren, Jr. / 爱飞翔 / 机械工业出版社 / 2014-3 / 89.00元",在本书中，作者给我们带来了一大批极为诱人的知识，其中包括各种节省程序运行时间的技巧、算法与窍门。学习了这些技术，程序员就可写出优雅高效的软件，同时还能洞悉其... ,"Henry S. Warren, Jr.",算法&计算机科学&编程&计算机&数学&Programming&程序&programming,机械工业出版社
https://book.douban.com/subject/26708119/,https://img1.doubanio.com/view/subject/s/public/s28735609.jpg,机器学习, ,8.7,3091人,周志华 / 清华大学出版社 / 2016-1-1 / 88.00元,机器学习是计算机科学与人工智能的重要分支领域. 本书作为该领域的入门教材，在内容上尽可能涵盖机器学习基础知识的各方面。 为了使尽可能多的读者通过本书对机器学... ,周志华,机器学习&人工智能&数据挖掘&计算机&MachineLearning&数据分析&计算机科学&AI,清华大学出版社
https://book.douban.com/subject/35543447/,https://img2.doubanio.com/view/subject/s/public/s33954543.jpg,剑指Offer（专项突破版）：数据结构与算法名企面试题精讲, ,9.0,20人,何海涛 / 电子工业出版社 / 2021-8 / 89,《剑指Offer（专项突破版）：数据结构与算法名企面试题精讲》全面、系统地总结了在准备程序员面试过程中必备的数据结构与算法。本书首先详细讨论整数、数组、链表... ,何海涛,算法&计算机&编程&面试&IT&计算机科学&2021&Programming,电子工业出版社
https://book.douban.com/subject/1885170/,https://img1.doubanio.com/view/subject/s/public/s1959967.jpg,算法导论（原书第2版）, ,9.3,5166人,[美] Thomas H.Cormen、Charles E.Leiserson、Ronald L.Rivest、Clifford Stein / 潘金贵 等 / 机械工业出版社 / 2006-9 / 85.00元,这本书深入浅出，全面地介绍了计算机算法。对每一个算法的分析既易于理解又十分有趣，并保持了数学严谨性。本书的设计目标全面，适用于多种用途。涵盖的内容有：算法在... ,Thomas H.Cormen&Charles E.Leiserson&Ronald L.Rivest&Clifford Stein,算法&算法导论&计算机&编程&经典&计算机科学&algorithm&程序设计,机械工业出版社
https://book.douban.com/subject/4048566/,https://img1.doubanio.com/view/subject/s/public/s6078239.jpg,算法设计手册, ,9.2,56人,斯基恩纳 / 清华大学出版社 / 2009-9 / 69.00元,《算法设计手册(第2版)》是算法设计畅销书的最新版本，是设计实用且高效算法的最全面指导书。《算法设计手册(第2版)》揭密了算法的设计与分析，以简单易懂的写作... ,斯基恩纳,算法&计算机科学&计算机&编程&algorithm&Algorithm&程序设计&Programming,清华大学出版社
https://book.douban.com/subject/27087503/,https://img1.doubanio.com/view/subject/s/public/s29518349.jpg,深度学习, ,8.4,1182人,[美] 伊恩·古德费洛、[加] 约书亚·本吉奥、[加] 亚伦·库维尔 / 赵申剑、黎彧君、符天凡、李凯 / 人民邮电出版社 / 2017-7-1 / 168,《深度学习》由全球知名的三位专家Ian Goodfellow、Yoshua Bengio 和Aaron Courville撰写，是深度学习领域奠基性的经典教... ,伊恩·古德费洛&约书亚·本吉奥&亚伦·库维尔,深度学习&人工智能&机器学习&计算机&计算机科学&算法&AI&数学,人民邮电出版社
https://book.douban.com/subject/30136932/,https://img1.doubanio.com/view/subject/s/public/s29682929.jpg,算法竞赛进阶指南, ,9.1,80人,李煜东 / 中原出版传媒集团·河南电子音像出版社 / 2018-1 / 79.00元,暂无,李煜东,算法&ACM&计算机&algorithm&计算机科学&CS,中原出版传媒集团·河南电子音像出版社
https://book.douban.com/subject/26931430/,https://img9.doubanio.com/view/subject/s/public/s29205454.jpg,算法新解, ,9.0,82人,刘新宇 / 人民邮电出版社 / 2016-12-1 / CNY 99.00,本书分4 部分，同时用函数式和传统方法介绍主要的基本算法和数据结构。数据结构部分包括二叉树、红黑树、AVL 树、Trie、Patricia、后缀树、B 树、... ,刘新宇,算法&计算机&编程&计算机科学&Algorithm&函数式编程&程序设计&algorithm,人民邮电出版社
https://book.douban.com/subject/24749842/,https://img9.doubanio.com/view/subject/s/public/s26710684.jpg,挑战程序设计竞赛, ,9.0,334人,[日]秋叶拓哉、[日]岩田阳一、[日]北川宜稔 / 巫泽俊、庄俊元、李津羽 / 人民邮电出版社 / 2013-7-1 / CNY 79.00,暂无,秋叶拓哉&岩田阳一&北川宜稔,算法&编程&ACM&计算机&计算机科学&Algorithms&程序设计&programming,人民邮电出版社
https://book.douban.com/subject/35013197/,https://img2.doubanio.com/view/subject/s/public/s33607323.jpg,深度学习推荐系统, ,9.3,407人,王喆 / 电子工业出版社 / 2020-3 / 108,深度学习在推荐系统领域掀起了一场技术革命，本书从深度学习推荐模型、Embedding技术、推荐系统工程实现、模型评估体系、业界前沿实践等几个方面介绍了这场技... ,王喆,推荐系统&深度学习&机器学习&人工智能&算法&计算机&技术&软件开发,电子工业出版社
https://book.douban.com/subject/21323941/,https://img3.doubanio.com/view/subject/s/public/s26372180.jpg,具体数学,计算机科学基础,9.6,371人,[美] Ronald L.Graham、[美] Oren Patashnik、[美] Donald E.Knuth / 张凡、张明尧 / 人民邮电出版社 / 2013-4-1 / 99.00元,本书是一本在大学中广泛使用的经典数学教科书。书中讲解了许多计算机科学中用到的数学知识和技巧，教你如何把一个实际问题一步步演化为数学模型，然后通过计算机解决它... ,Ronald L.Graham&Oren Patashnik&Donald E.Knuth,数学&计算机科学&计算机&算法&编程&计算机技术&Math&CS,人民邮电出版社
https://book.douban.com/subject/35498194/,https://img3.doubanio.com/view/subject/s/public/s33923520.jpg,未来算法,下一个十年赢在计算思维,8.1,78人,诸葛越 / 中信出版集团 / 2021-6 / 69.00元,暂无,诸葛越,算法&人工智能&思维方法&思维&计算机&方法论&个人提升&科普,中信出版集团
https://book.douban.com/subject/1139426/,https://img2.doubanio.com/view/subject/s/public/s28015501.jpg,数据结构与算法分析,C语言描述,8.9,2045人,Mark Allen Weiss (维斯) / 冯舜玺 / 机械工业出版社 / 2004-1-1 / 35.00元,本书是《Data Structures and Algorithm Analysis in C》一书第2版的简体中译本。原书曾被评为20世纪顶尖的30部计算... ,Mark Allen Weiss,数据结构&算法&计算机&数据结构与算法分析&算法、数据结构&编程&C&C语言,机械工业出版社
https://book.douban.com/subject/33420587/,https://img2.doubanio.com/view/subject/s/public/s32299271.jpg,漫画算法：小灰的算法之旅, ,8.6,334人,魏梦舒 / 电子工业出版社 / 2019-5 / 79.00元,暂无,魏梦舒,算法&编程&数据结构&漫画&计算机&可爱&通俗&思维,电子工业出版社
https://book.douban.com/subject/3227098/,https://img2.doubanio.com/view/subject/s/public/s4687321.jpg,编程珠玑, ,9.1,2160人,[美] Jon Bentley / 黄倩、钱丽艳、刘田(审校) / 人民邮电出版社 / 2008-10 / 39.00元,本书是计算机科学方面的经典名著。书的内容围绕程序设计人员面对的一系列实际问题展开。作者Jon Bentley 以其独有的洞察力和创造力，引导读者理解这些问题... ,Jon Bentley,编程&算法&计算机&编程艺术&程序设计&计算机科学&算法与数据结构&programming,人民邮电出版社
https://book.douban.com/subject/25902102/,https://img9.doubanio.com/view/subject/s/public/s28393836.jpg,算法竞赛入门经典（第2版）, ,8.9,332人,刘汝佳 / 清华大学出版社 / 2014-6-1 / CNY 49.80,《算法竞赛入门经典（第2版）》是一本算法竞赛的入门与提高教材，把C/C++语言、算法和解题有机地结合在一起，淡化理论，注重学习方法和实践技巧。全书内容分为1... ,刘汝佳,算法&编程&ACM&计算机&数据结构与算法&计算机科学&Algorithms,清华大学出版社
https://book.douban.com/subject/34933305/,https://img2.doubanio.com/view/subject/s/public/s33589972.jpg,机器学习算法的数学解析与Python实现, ,9.0,57人,莫凡 / 机械工业出版社 / 2020-1-20 / 89.00元,本书以机器学习的算法为主线，深入剖析算法的概念和数学原理，以通俗形象的语言进行讲解，让读者无须了解太多前置数学知识，就能看懂数学公式所表达的意思，从而快速掌... ,莫凡,机器学习&算法&数学&计算机科学&计算机&深入浅出&实用,机械工业出版社
https://book.douban.com/subject/30295861/,https://img3.doubanio.com/view/subject/s/public/s29889150.jpg,算法霸权,数学杀伤性武器的威胁,7.0,296人,[美] 凯西·奥尼尔 / 马青玲 / 中信出版集团 / 2018-9-1 / 69.00元,暂无,凯西·奥尼尔,算法&人工智能&数据&社会学&计算机&经济学&计算科学&互联网,中信出版集团
https://book.douban.com/subject/10769749/,https://img1.doubanio.com/view/subject/s/public/s10213357.jpg,推荐系统实践, ,8.1,2116人,项亮 / 人民邮电出版社 / 2012-6-1 / 49.00元,暂无,项亮,推荐系统&数据挖掘&算法&机器学习&数据分析&互联网&人工智能&计算机,人民邮电出版社
https://book.douban.com/subject/30310517/,https://img9.doubanio.com/view/subject/s/public/s33740396.jpg,线性代数及其应用（原书第5版）, ,9.5,190人,[美] David C. Lay、[美] Steven R. Lay、[美] Judi J. McDonald / 刘深泉、张万芹、陈玉珍、包东娥、陆博 / 机械工业出版社 / 2018-7 / 79.00元,本书是一本线性代数的现代教材，给出新的线性代数基本介绍和一些有趣应用，目的是帮助学生掌握线性代数的基本概念及应用技巧，为后续课程的学习和工作实践奠定基础。主... ,David C. Lay&Steven R. Lay&Judi J. McDonald,数学&线性代数&计算机&教材&算法&机器学习&应用&2018,机械工业出版社
https://book.douban.com/subject/35573402/,https://img3.doubanio.com/view/subject/s/public/s33976770.jpg,算法通关之路, ,暂无,少于10人,路志鹏、李冰、俞俊、海凡路、黄乐兴 / 电子工业出版社 / 2021-8 / 99,暂无,路志鹏&李冰&俞俊&海凡路&黄乐兴,算法&计算机&微信读书,电子工业出版社
https://book.douban.com/subject/26163454/,https://img1.doubanio.com/view/subject/s/public/s29961188.jpg,数学之美 （第二版）, ,8.9,3961人,吴军 / 人民邮电出版社 / 2014-11 / 49.00元,几年前，“数学之美”系列文章原刊载于谷歌黑板报，获得上百万次点击，得到读者高度评价。读者说，读了“数学之美”，才发现大学时学的数学知识，比如马尔可夫链、矩阵... ,吴军,数学&计算机&科普&吴军&计算机科学&互联网&机器学习&数据分析,人民邮电出版社
https://book.douban.com/subject/35249805/,https://img9.doubanio.com/view/subject/s/public/s33755524.jpg,意会：算法时代的人文力量,算法时代的人文力量,6.8,51人,(丹) 克里斯蒂安· 马兹比尔格 / 谢名一、姚述 / 中信出版集团 / 59.00元,暂无,克里斯蒂安· 马兹比尔格,人类学&算法&社会学&网络生活&社会&管理&互联网&投资,中信出版集团
https://book.douban.com/subject/26732914/,https://img2.doubanio.com/view/subject/s/public/s28447473.jpg,最优化导论, ,9.3,67人,Edwin K. P. Chong、Stanislaw H. Zak / 孙志强、白圣建、郑永斌、刘伟 / 电子工业出版社 / 2015-10 / 89.00,本书是一本关于最优化技术的入门教材，全书共分为四部分。第一部分是预备知识。第二部分主要介绍无约束的优化问题，并介绍线性方程的求解方法、神经网络方法和全局搜索... ,Edwin K. P. Chong&Stanislaw H. Zak,数学&最优化&机器学习&算法&优化&计算机&计算机科学,电子工业出版社
https://book.douban.com/subject/26596778/,https://img9.doubanio.com/view/subject/s/public/s28280564.jpg,计算广告,互联网商业变现的市场与技术,8.7,1353人,刘鹏、王超 / 人民邮电出版社 / 2015-9-1 / 69.00元,计算广告是一项新兴的研究课题，它涉及大规模搜索和文本分析、信息获取、统计模型、机器学习、分类、优化以及微观经济学等诸多领域的知识。本书从实践出发，系统地介绍... ,刘鹏&王超,广告&计算广告&互联网&营销&数据挖掘&机器学习&商业&算法,人民邮电出版社
https://book.douban.com/subject/26822106/,https://img2.doubanio.com/view/subject/s/public/s28830003.jpg,图解密码技术（第3版）, ,9.3,350人,[日] 结城浩 / 周自恒 / 人民邮电出版社 / 2016-6 / 89.00元,暂无,结城浩,密码学&计算机&密码&信息安全&安全&科普&算法&日本,人民邮电出版社
https://book.douban.com/subject/35474931/,https://img9.doubanio.com/view/subject/s/public/s33910805.jpg,数据结构与算法之美, ,8.3,93人,王争（@小争哥） / 人民邮电出版社 / 2021-5-1 / 119.90元,暂无,王争,算法&数据结构&计算机&编程&经典&编程语言&学习系列&成长,人民邮电出版社
https://book.douban.com/subject/30422021/,https://img3.doubanio.com/view/subject/s/public/s29967820.jpg,程序员代码面试指南（第2版）,IT名企算法与数据结构题目最优解,9.1,83人,左程云 / 电子工业出版社 / 2019-1-1 / 109.00元,"《程序员代码面试指南：IT名企算法与数据结构题目最优解（第2版）》是一本程序员代码面试""神书”！书中对IT名企代码面试各类题目的最优解进行了总结，并提供了相... ",左程云,算法&面试&计算机&数据结构与算法&编程&计算机科学&JAVA&2019,电子工业出版社
https://book.douban.com/subject/21249088/,https://img1.doubanio.com/view/subject/s/public/s24941338.jpg,凸优化, ,9.4,224人,Stephen Boyd、Lieven Vandenberghe / 王书宁、许鋆、黄晓霖 / 清华大学出版社 / 2013-1 / 99.00元,《信息技术和电气工程学科国际知名教材中译本系列:凸优化》内容非常丰富。理论部分由4章构成，不仅涵盖了凸优化的所有基本概念和主要结果，还详细介绍了几类基本的凸... ,Stephen Boyd&Lieven Vandenberghe,数学&机器学习&优化&算法&Optimization&计算机科学&人工智能&计算机,清华大学出版社
https://book.douban.com/subject/34813624/,https://img9.doubanio.com/view/subject/s/public/s33469996.jpg,程序员面试金典（第6版）, ,9.8,71人,Gayle Laakmann McDowell / 刘博楠、赵鹏飞、李琳骁、漆犇 / 人民邮电出版社 / 2019-9-18 / 149.00元,本书是原谷歌资深面试官的经验之作，层层紧扣程序员面试的每一个环节，全面而详尽地介绍了程序员应当如何应对面试，才能在面试中脱颖而出。内容主要涉及面试流程解析，... ,Gayle Laakmann McDowell,面试&编程&计算机&程序员&算法&计算机科学&技术&计算科学,人民邮电出版社
https://book.douban.com/subject/33377417/,https://img9.doubanio.com/view/subject/s/public/s32265576.jpg,数据结构与算法图解, ,8.0,154人,[美]杰伊•温格罗 / 袁志鹏 / 人民邮电出版社 / 2019-4 / 49.00元,本书是数据结构与算法的入门指南，不局限于某种特定语言，略过复杂的数学公式，用通俗易懂的方式针对编程初学者介绍数据结构与算法的基本概念，培养读者编程逻辑。主要... ,杰伊•温格罗,算法&数据结构&数据结构与算法&计算机&编程&计算科学&软件工程&C,人民邮电出版社
https://book.douban.com/subject/3351237/,https://img2.doubanio.com/view/subject/s/public/s28318872.jpg,数据结构与算法分析,Java语言描述,8.3,293人,韦斯 (Mark Allen Weiss) / 冯舜玺 / 机械工业出版社 / 2009-1-1 / 55.00元,本书是国外数据结构与算法分析方面的经典教材，使用卓越的Java编程语言作为实现工具讨论了数据结构（组织大量数据的方法）和算法分析（对算法运行时间的估计）。 ... ,韦斯,数据结构&Java&算法&算法、数据结构&计算机&编程&java&数据结构与算法,机械工业出版社
https://book.douban.com/subject/35670694/,https://img9.doubanio.com/view/subject/s/public/s34050244.jpg,神机妙算：一本关于算法的闲书, ,暂无,少于10人,,本书撷取生活中的趣闻逸事，将它们抽象成一个一个算法，寓教于乐，阐述了主流算法背后的来龙去脉，包括贪心算法、排序算法、RSA 算法、递归、分治、动态规划等经典... ,,算法&数学文化&科学文化, 
https://book.douban.com/subject/26265544/,https://img3.doubanio.com/view/subject/s/public/s27844440.jpg,图解密码技术, ,9.1,387人,[日] 结城浩 / 周自恒 / 人民邮电出版社 / 2014-12 / 79.00元,暂无,结城浩,密码学&计算机&密码&安全&计算机科学&算法&科普&编程,人民邮电出版社
https://book.douban.com/subject/35546808/,https://img2.doubanio.com/view/subject/s/public/s33956981.jpg,构建企业级推荐系统：算法、工程实现与案例分析,推荐系统专家集10年实践经验之作，从场景、算法、工程、运营、实践等,8.6,22人,刘强 / 机械工业出版社 / 2021-8 / 129.00元,暂无,刘强,推荐系统&算法&机器学习&大数据&好书，值得一读&产品经理&计算机&微信读书,机械工业出版社
https://book.douban.com/subject/27008702/,https://img2.doubanio.com/view/subject/s/public/s29413793.jpg,剑指Offer：名企面试官精讲典型编程题（第2版）, ,8.8,310人,何海涛 / 电子工业出版社 / 2017-5 / 65.00,《剑指Offer：名企面试官精讲典型编程题（第2版）》剖析了80个典型的编程面试题，系统整理基础知识、代码质量、解题思路、优化效率和综合能力这5个面试要点。... ,何海涛,面试&算法&计算机&编程&数据结构&工作&计算机科学&程序设计,电子工业出版社
https://book.douban.com/subject/35434195/,https://img9.doubanio.com/view/subject/s/public/s33876225.jpg,关键迭代：可信赖的线上对照实验, ,8.2,46人,[美] 罗恩·科哈维（Ron Kohavi）、[美] 黛安·唐（Diane Tang）、[美] 许亚（Ya Xu） / 韩玮、胡鹃娟、段玮韬、胡泽浩、廖一正、王璐、赵振宇、钟婧 / 机械工业出版社 / 2021-5-1 / 99元,本书基于近些年实验领域的研究成果和实践经验，对实验的方法和应用做了很好的全景式描述，是一本兼顾系统性的方法论和基于实战的经验法则的书籍。根据微软、亚马逊、谷... ,罗恩·科哈维&黛安·唐&许亚,数据分析&统计学&产品经理&产品&计算机科学&实验&算法&测试,机械工业出版社
https://book.douban.com/subject/10607365/,https://img2.doubanio.com/view/subject/s/public/s26262212.jpg,Data Structures and Algorithms in Python, ,9.5,100人,Michael T. Goodrich、Roberto Tamassia、Michael H. Goldwasser / John Wiley &amp; Sons / 2013-7-5 / GBP 121.23,"Based on the authors' market leading data structures books in Java and C++, th... ",Michael T. Goodrich&Roberto Tamassia&Michael H. Goldwasser,数据结构与算法&Python&python&算法&数据结构&编程&计算机&Programming,John Wiley &amp; Sons
https://book.douban.com/subject/33444625/,https://img9.doubanio.com/view/subject/s/public/s32318236.jpg,数学女孩4,随机算法,8.3,65人,结城浩 / 丛熙、江志强 / 人民邮电出版社 / 2019-5 / 69.00元,《数学女孩4：随机算法》以“随机算法”为主题，从纯粹的数学和计算机程序设计两个角度对随机算法进行了细致的讲解。内容涉及排列组合、概率、期望、线性法则、矩阵、... ,结城浩,数学&科普&日本&算法&数学文化&计算机&CS&青春,人民邮电出版社
https://book.douban.com/subject/1475870/,https://img2.doubanio.com/view/subject/s/public/s4252063.jpg,Algorithm Design, ,9.0,220人,Jon Kleinberg、Éva Tardos / Addison-Wesley / 2005-3-26 / USD 144.20,Algorithm Design    introduces algorithms by looking at the real-world problem... ,Jon Kleinberg&Éva Tardos,算法&Algorithm&计算机&计算机科学&CS&Algorithms&Programming&教材,Addison-Wesley
https://book.douban.com/subject/25910559/,https://img9.doubanio.com/view/subject/s/public/s27991506.jpg,剑指Offer,名企面试官精讲典型编程题,9.3,354人,何海涛 / 电子工业出版社 / 2014-6-1 / CNY 55.00,《剑指Offer——名企面试官精讲典型编程题（纪念版）》是为纪念本书英文版全球发行而推出的特殊版本，在原版基础上新增大量本书英文版中的精选题目，系统整理基础... ,何海涛,面试&算法&编程&计算机&求职&IT&程序设计&C++,电子工业出版社
https://book.douban.com/subject/6424904/,https://img2.doubanio.com/view/subject/s/public/s6382631.jpg,大话数据结构, ,7.9,1515人,程杰 / 清华大学出版社 / 2011-6 / 59.00元,本书为超级畅销书《大话设计模式》作者程杰潜心三年推出的扛鼎之作！以一个计算机教师教学为场景，讲解数据结构和相关算法的知识。通篇以一种趣味方式来叙述，大量引用... ,程杰,数据结构&算法&计算机&编程&程序设计&计算机科学&软件开发,清华大学出版社
https://book.douban.com/subject/3004255/,https://img2.doubanio.com/view/subject/s/public/s2992671.jpg,编程之美,微软技术面试心得,8.4,3251人,《编程之美》小组 编 / 电子工业出版社 / 2008-3 / 40.00元,这本书收集了约60道算法和程序设计题目，这些题目大部分在近年的笔试、面试中出现过，或者是被微软员工热烈讨论过。作者试图从书中各种有趣的问题出发，引导读者发现... ,《编程之美》小组 编,算法&编程&编程之美&面试&计算机&程序设计&微软&思维,电子工业出版社
https://book.douban.com/subject/4854123/,https://img9.doubanio.com/view/subject/s/public/s4656875.jpg,Algorithms, ,9.4,291人,Robert Sedgewick、Kevin Wayne / Addison-Wesley Professional / 2011-3-19 / USD 89.99,Essential Information about Algorithms and Data Structures A Classic Reference... ,Robert Sedgewick&Kevin Wayne,算法&计算机科学&计算机&Algorithms&编程&Programming&Algorithm&java,Addison-Wesley Professional
https://book.douban.com/subject/1152912/,https://img1.doubanio.com/view/subject/s/public/s1770428.jpg,算法导论, ,9.5,941人,[美] Thomas H. Cormen、Charles E. Leiserson、Ronald L. Rivest、Clifford Stein / 高等教育出版社 / 2002-5 / 68.00元,暂无,Thomas H. Cormen&Charles E. Leiserson&Ronald L. Rivest&Clifford Stein,算法&计算机&Algorithm&计算机科学&编程&经典&数学&programming,高等教育出版社
https://book.douban.com/subject/10436668/,https://img2.doubanio.com/view/subject/s/public/s23009623.jpg,Cracking the Coding Interview,150 Programming Questions and Solutions,9.0,239人,Gayle Laakmann McDowell / CareerCup / 2011-8-22 / USD 39.95,暂无,Gayle Laakmann McDowell,面试&programming&编程&算法&计算机&Programming&计算机科学&程序设计,CareerCup
https://book.douban.com/subject/35528404/,https://img1.doubanio.com/view/subject/s/public/s33955328.jpg,算法训练营：海量图解+竞赛刷题（入门篇）, ,暂无,少于10人,,本书以海量图解的形式，详细讲解常用的数据结构与算法，又融入大量的竞赛实例和解题技巧。通过对本书的学习，读者可掌握12种初级数据结构、15种常用STL函数、1... ,,算法&工具书&图解, 
https://book.douban.com/subject/35184872/,https://img2.doubanio.com/view/subject/s/public/s33712463.jpg,驯服算法,数字歧视与算法规制,暂无,少于10人,凯伦·杨、马丁·洛奇 / 林少伟、唐林垚 / 上海人民出版社 / 2020-7-1 / 88.00元,算法规制的目标无他：其一，警惕本来应当是中立的智能应用，被用来掩饰未取得“多数人同意”的少数人集权；其二，建立利益相关者对话和商谈的场域，避免法律沦为“技术... ,凯伦·杨&马丁·洛奇,网络治理&算法&论文&法学,上海人民出版社
https://book.douban.com/subject/26638586/,https://img2.doubanio.com/view/subject/s/public/s28313721.jpg,程序员代码面试指南：IT名企算法与数据结构题目最优解,IT名企算法与数据结构题目最优解,8.9,165人,左程云 / 电子工业出版社 / 2015-9 / 79.00元,这是一本程序员面试宝典！书中对IT名企代码面试各类题目的最优解进行了总结，并提供了相关代码实现。针对当前程序员面试缺乏权威题目汇总这一痛点，本书选取将近20... ,左程云,算法&面试&数据结构&编程&计算机&计算机科学&JAVA&程序设计,电子工业出版社
https://book.douban.com/subject/30199061/,https://img9.doubanio.com/view/subject/s/public/s29763584.jpg,内容算法,把内容变成价值的效率系统,7.3,671人,闫泽华 / 中信出版社 / 2018-4-30 / 58.00元,近两年来，伴随着BAT纷纷涌入自媒体平台，自媒体发展可谓迎来爆发。自媒体平台火爆起来是从今日头条异军突起而引发的。它是一款基于数据挖掘的推荐引擎产品，为用户... ,闫泽华,推荐系统&互联网&算法&产品经理&自媒体&产品&营销&科技,中信出版社
https://book.douban.com/subject/1676578/,https://img1.doubanio.com/view/subject/s/public/s29782439.jpg,算法的陷阱,超级平台、算法垄断与场景欺骗,7.3,166人,阿里尔•扎拉奇 (Ariel Ezrachi)、莫里斯•E. 斯图克 (Maurice E. Stucke) / 余潇 / 中信出版社 / 2018-5-1 / CNY 69.00,互联网的存在令追求物美价廉的消费者与来自世界各地的商品只有轻点几下鼠标的距离。这诚然是一个伟大的科技进步，但却也是一个发人深思的商业现象。本书中，作者扎拉奇... ,阿里尔•扎拉奇&莫里斯•E. 斯图克,互联网&商业&人工智能&算法&新经济&网络治理&计算机,中信出版社
https://book.douban.com/subject/3288908/,https://img2.doubanio.com/view/subject/s/public/s3350961.jpg,集体智慧编程, ,9.0,1515人,TOBY SEGARAN / 莫映、王开福 / 电子工业出版社 / 2009-1 / 59.80元,本书以机器学习与计算统计为主题背景，专门讲述如何挖掘和分析Web上的数据和资源，如何分析用户体验、市场营销、个人品味等诸多信息，并得出有用的结论，通过复杂的... ,TOBY SEGARAN,数据挖掘&机器学习&算法&人工智能&编程&计算机&集体智慧&计算机科学,电子工业出版社
https://book.douban.com/subject/26681685/,https://img9.doubanio.com/view/subject/s/public/s28357866.jpg,计算机程序设计艺术・卷1,基本算法（第3版）,9.6,50人,Donald E. Knuth / 李伯民、范明、蒋爱军 / 人民邮电出版社 / 2016-1-1 / 198,《计算机程序设计艺术》系列是公认的计算机科学领域经典之作，深入阐述了程序设计理论，对计算机领域的发展有着极为深远的影响。本书是该系列的第 1 卷，讲解基本算... ,Donald E. Knuth,计算机&计算机科学&计算机程序设计艺术&算法&编程&经典&程序设计,人民邮电出版社
https://book.douban.com/subject/10432347/,https://img1.doubanio.com/view/subject/s/public/s8938479.jpg,算法（英文版·第4版）, ,9.3,762人,Robert Sedgewick、Kevin Wayne / 人民邮电出版社 / 2012-3-5 / 99.00元,《算法(英文版•第4版)》作为算法领域经典的参考书，全面介绍了关于算法和数据结构的必备知识，并特别针对排序、搜索、图处理和字符串处理进行了论述。第4版具体给... ,Robert Sedgewick&Kevin Wayne,算法&Algorithms&编程&计算机&计算机科学&数据结构&经典&Java,人民邮电出版社
https://book.douban.com/subject/33441631/,https://img1.doubanio.com/view/subject/s/public/s32315839.jpg,学习JavaScript数据结构与算法（第3版）, ,8.4,51人,[巴西]洛伊安妮·格罗纳 / 吴双、邓钢、孙晓博 等 / 人民邮电出版社 / 2019-5 / 69.00元,本书首先介绍了JavaScript语言的基础知识（包括ECMAScript和TypeScript），其次讨论了数组、栈、队列、双端队列和链表等重要的数据结构... ,洛伊安妮·格罗纳,JavaScript&算法&数据结构&计算机&计算机基础&2019&计算机科学&编程,人民邮电出版社
https://book.douban.com/subject/35252621/,https://img9.doubanio.com/view/subject/s/public/s34003065.jpg,labuladong的算法小抄, ,6.9,194人,付东来（@labuladong） / 电子工业出版社 / 99.00元,《labuladong的算法小抄》专攻算法刷题，训练算法思维，应对算法笔试。注重用套路和框架思维解决问题，以不变应万变。　　第1章列举了几个最常见的算法类型... ,付东来,算法&计算机&IT&计算机基础&成长&CS&方法论&计算机科学,电子工业出版社
https://book.douban.com/subject/26337727/,https://img2.doubanio.com/view/subject/s/public/s28019832.jpg,算法设计与分析基础(第3版),第3版,8.7,101人,Anany Levitin / 潘彦 / 清华大学出版社 / 2015-2-1 / 69.00元,作者基于丰富的教学经验，开发了一套全新的算法分类方法。该分类法站在通用问题求解策略的高度，对现有大多数算法准确分类，从而引领读者沿着一条清晰、一致、连贯的思... ,Anany Levitin,算法&计算机&数据结构与算法&计算机科学&编程&数据结构&数学&教材,清华大学出版社
https://book.douban.com/subject/35093446/,https://img9.doubanio.com/view/subject/s/public/s33662274.jpg,算法精粹 经典计算机科学问题的Python实现, ,8.7,19人,[美] 大卫·科帕克（David Kopec） / 戴旭 / 人民邮电出版社 / 2020-7 / 59.00,本书是一本面向中高级程序员的算法教程，借助Python语言，用经典的算法、编码技术和原理来求解计算机科学的一些经典问题。全书共9章，不仅介绍了递归、结果缓存... ,大卫·科帕克,算法&Python&编程&计算机科学&计算机&数据科学&数学&IT,人民邮电出版社
https://book.douban.com/subject/25859528/,https://img1.doubanio.com/view/subject/s/public/s28064419.jpg,数据结构（C++语言版·第3版）, ,9.4,416人,邓俊辉 / 清华大学出版社 / 2013-9 / 39.00元,本书按照面向对象程序设计的思想，根据作者多年的教学积累，系统地介绍各类数据结构的功能、表示和实现，对比各类数据结构适用的应用环境；结合实际问题展示算法设计的... ,邓俊辉,数据结构&C++&数据结构与算法&计算机&算法&算法与数据结构&编程&C/C++,清华大学出版社
https://book.douban.com/subject/30411520/,https://img1.doubanio.com/view/subject/s/public/s29956837.jpg,极简算法史：从数学到机器的故事, ,6.2,132人,[法] 吕克•德•布拉班迪尔 / 任轶 / 人民邮电出版社 / 2019-1 / 39.00元,数学、逻辑学、计算机科学三大领域实属一家，彼此成就，彼此影响。从古希腊哲学到“无所不能”的计算机，数字、计算、推理这些貌似简单的概念在三千年里融汇、碰撞。如... ,吕克•德•布拉班迪尔,计算机&算法&科普&数学&历史&科技史&计算科学&网络生活,人民邮电出版社
https://book.douban.com/subject/1130500/,https://img9.doubanio.com/view/subject/s/public/s2702606.jpg,计算机程序设计艺术（第1卷）,基本算法,9.4,487人,[美] Donald E. Knuth / 清华大学出版社 / 2002-9 / 80.00元,第1卷首先介绍编程的基本概念和技术，然后详细讲解信息结构方面的内容，包括信息在计算机内部的表示方法、数据元素之间的结构关系，以及有效的信息处理方法。此外，书... ,Donald E. Knuth,算法&计算机&计算机程序设计艺术&编程&经典&计算机科学&程序设计&Programming,清华大学出版社
https://book.douban.com/subject/35430410/,https://img3.doubanio.com/view/subject/s/public/s33873010.jpg,算法训练营：海量图解+竞赛刷题（进阶篇）, ,暂无,少于10人,陈小玉 / 电子工业出版社 / 2021-5 / 139.8,《算法训练营：海量图解+竞赛刷题（进阶篇）》以海量图解的形式，详细讲解常用的数据结构与算法，并结合竞赛实例引导读者进行刷题实战。通过对本书的学习，读者可掌握... ,陈小玉,算法&工具书&图解,电子工业出版社
https://book.douban.com/subject/1231910/,https://img9.doubanio.com/view/subject/s/public/s24396506.jpg,具体数学（英文版第2版）,计算机科学基础,9.5,848人,[美] Ronald L. Graham、Donald E. Knuth、Oren Patashnik / 机械工业出版社 / 2002-8 / 49.00元,This book introduces the mathematics that supports advanced computer Programmi... ,Ronald L. Graham&Donald E. Knuth&Oren Patashnik,数学&计算机科学&计算机&算法&经典&Mathematics&math,机械工业出版社
https://book.douban.com/subject/1784887/,https://img2.doubanio.com/view/subject/s/public/s2405972.jpg,Hacker's Delight, ,9.3,62人,Henry S. Warren Jr. / Addison-Wesley / 2002-7-27 / USD 59.99,A collection useful programming advice the author has collected over the years... ,Henry S. Warren Jr.,算法&计算机&编程&programming&计算机科学&程序设计&思考&C,Addison-Wesley
https://book.douban.com/subject/30424415/,https://img9.doubanio.com/view/subject/s/public/s29970325.jpg,算法详解（卷1）——算法基础, ,8.9,32人,[美]蒂姆·拉夫加登（Tim Roughgarden） / 徐波 / 人民邮电出版社 / 2019-1-1 / 49,暂无,蒂姆·拉夫加登,算法&Algorithms&计算机&数据结构与算法&计算机科学&科普&程序&Programming,人民邮电出版社
https://book.douban.com/subject/35178770/,https://img2.doubanio.com/view/subject/s/public/s33705573.jpg,算法与数据中台,基于Google、Facebook与微博实践,6.7,60人,詹盈 / 电子工业出版社 / 2020-9 / 89.00元,《算法与数据中台：基于Google、Facebook与微博实践》作者依据在Google、Facebook、新浪微博及滴滴出行等中美一流互联网公司的实际工作经... ,詹盈,算法&大数据&数据科学&广告&推荐&计算机科学&计算机,电子工业出版社
https://book.douban.com/subject/24699581/,https://img2.doubanio.com/view/subject/s/public/s26540471.jpg,数据结构（C语言版）, ,6.1,360人,严蔚敏、吴伟民 / 清华大学出版社 / 2012-5 / 29.00元,暂无,严蔚敏&吴伟民,数据结构&计算机&C&算法&教材&编程&大学教材&程序设计,清华大学出版社
https://book.douban.com/subject/6828678/,https://img9.doubanio.com/view/subject/s/public/s7640736.jpg,数学建模算法与应用, ,8.2,67人,司守奎、孙玺菁 / 国防工业出版社 / 2011-8 / 49.00元,《数学建模算法与应用》主要内容简介：作者司守奎、孙玺菁根据多年数学建模竞赛辅导工作的经验编写《数学建模算法与应用》，涵盖了很多同类型书籍较少涉及的新算法和热... ,司守奎&孙玺菁,数学建模&数学&算法&计算机科学&Matlab&matlab&计算科学,国防工业出版社
https://book.douban.com/subject/26931905/,https://img2.doubanio.com/view/subject/s/public/s29237441.jpg,终极算法,机器学习和人工智能如何重塑世界,7.1,841人,[美] 佩德罗·多明戈斯 / 黄芳萍 / 中信出版集团 / 2017-1-1 / 68.00元,暂无,佩德罗·多明戈斯,人工智能&机器学习&算法&科普&计算机&互联网&AI&未来,中信出版集团
https://book.douban.com/subject/6751237/,https://img1.doubanio.com/view/subject/s/public/s6970507.jpg,数学模型选谈, ,9.5,23人,华罗庚、王元 / 大连理工大学出版社 / 2011-5 / 25.00元,《数学模型选谈》主要介绍了关于在等高线图上计算矿藏储量与坡地面积的问题、挂轮问题、挂轮问题、优选法（单、多因素）、黄金数与数值积分和统筹方法等数学模型问题。... ,华罗庚&王元,数学&建模&算法&Math&计算机科学&计算机技术,大连理工大学出版社
https://book.douban.com/subject/35136216/,https://img2.doubanio.com/view/subject/s/public/s33694501.jpg,阿里巴巴B2B电商算法实战, ,8.5,28人,阿里集团 新零售技术事业群 CBU技术部 / 机械工业出版社 / 2020-7-1 / 99.00,本书是阿里巴巴CBU技术部（1688.com）深耕B2B电商15年的经验总结。阿里巴巴B2B在战略形态上经历了信息平台、交易平台和营销平台的升级迭代，本书聚... ,阿里集团 新零售技术事业群 CBU技术部,电商&算法&机器学习&深度学习&计算机&计算机科学,机械工业出版社
https://book.douban.com/subject/30286131/,https://img2.doubanio.com/view/subject/s/public/s32317433.jpg,人工智能 （第2版）, ,9.1,69人,[美] 史蒂芬·卢奇（Stephen Lucci）、[美]丹尼·科佩克（Danny Kopec） / 林赐 / 人民邮电出版社 / 2018-8-1 / 108,作为计算机科学的一个分支，人工智能主要研究、开发用于模拟、延伸和扩展人类智能的理论、方法、技术及应用系统，涉及机器人、语音识别、图像识别、自然语言处理和专家... ,史蒂芬·卢奇&丹尼·科佩克,人工智能&AI&机器学习&计算机科学&计算机&算法&神经网络&经典,人民邮电出版社
https://book.douban.com/subject/26315483/,https://img1.doubanio.com/view/subject/s/public/s27997297.jpg,算法问题实战策略, ,9.0,23人,[韩] 具宗万 / 崔盛一 / 人民邮电出版社 / 2015-2 / 119.00元,暂无,具宗万,算法&计算机&编程&计算机科学&数据结构与算法&程序设计&Programming&Code,人民邮电出版社
https://book.douban.com/subject/25753386/,https://img2.doubanio.com/view/subject/s/public/s27105842.jpg,程序员面试金典（第5版）, ,8.9,265人,[美] Gayle Laakmann McDowell / 李琳骁、漆犇 / 人民邮电出版社 / 2013-11 / 59.00元,本书是原谷歌资深面试官的经验之作，层层紧扣程序员面试的每一个环节，全面而详尽地介绍了程序员应当如何应对面试，才能在面试中脱颖而出。第1～7 章主要涉及面试流... ,Gayle Laakmann McDowell,面试&算法&程序员&计算机&编程&技术&图灵程序设计丛书&Programming,人民邮电出版社
https://book.douban.com/subject/25713498/,https://img1.doubanio.com/view/subject/s/public/s27028577.jpg,迷茫的旅行商,一个无处不在的计算机算法问题,8.2,232人,[美] William J. Cook / 隋春宁 / 人民邮电出版社 / 2013-10-1 / 49.00元,假设一名旅行商打算拜访一张城市列表中的所有城市，每座城市只去一次，最后回到出发地。要怎么走才能让路线最短呢？这就是旅行商问题，乍一听很简单，在应用数学界却是... ,William J. Cook,算法&数学&计算机科学&计算机&科普&编程&programming,人民邮电出版社
https://book.douban.com/subject/26148739/,https://img1.doubanio.com/view/subject/s/public/s27637447.jpg,数学与生活（修订版）, ,8.2,221人,[日] 远山启 / 吕砚山、李诵雪、马杰、莫德举 / 人民邮电出版社 / 2014-10 / 42.00元,数学是高等智慧生物的共有思维，是对真理的探索，对矛盾的怀疑，但它绝非一门晦涩难懂的学问，非应试目的的数学是纯粹而朴实的智慧。《数学与生活》为日本数学教育改革... ,远山启,数学&科普&数学科普&日本&教育&算法&百科,人民邮电出版社
https://book.douban.com/subject/35126508/,https://img9.doubanio.com/view/subject/s/public/s33680086.jpg,白话机器学习的数学, ,8.8,107人,[日]立石贤吾 / 郑明智 / 人民邮电出版社 / 2020-7-1 / 59,本书通过正在学习机器学习的程序员绫乃和她朋友美绪的对话，结合回归和分类的具体问题，逐步讲解了机器学习中实用的数学基础知识。其中，重点讲解了容易成为学习绊脚石... ,立石贤吾,机器学习&数学&编程&算法&统计学&计算机&科普&日本,人民邮电出版社
https://book.douban.com/subject/35316209/,https://img9.doubanio.com/view/subject/s/public/s33874155.jpg,算法统治世界, ,暂无,少于10人,[英] 汉娜·弗莱 / 李英松 / 贵州人民出版社 / 2021-3 / 48.00元,暂无,汉娜·弗莱,算法&网络生活,贵州人民出版社
https://book.douban.com/subject/30162908/,https://img1.doubanio.com/view/subject/s/public/s29708738.jpg,算法笔记上机训练实战指南, ,9.6,74人,胡凡、曾磊 / 机械工业出版社 / 2016-7 / 57,《算法笔记上机训练实战指南》是《算法笔记》的配套习题集，内容按照《算法笔记》的章节顺序进行编排，其中整理归类了PAT甲级、乙级共150多道题的详细题解，大部... ,胡凡&曾磊,算法&计算机&数据结构&计算科学&计算机科学&考研&C++,机械工业出版社
https://book.douban.com/subject/30155731/,https://img9.doubanio.com/view/subject/s/public/s29762735.jpg,算法之美,指导工作与生活的算法,7.5,821人,[美] 布莱恩·克里斯汀、[美] 汤姆·格里菲思 / 万慧、胡小锐 / 中信出版集团 / 2018-5-18 / 59.00元,我们所有人的生活都受到有限空间和有限时间的限制，因此常常面临一系列难以抉择的问题。在一天或者一生的时光里，哪些事是我们应该做的，哪些是应该放弃的？我们对杂乱... ,布莱恩·克里斯汀&汤姆·格里菲思,算法&思维&科普&计算机科学&认知&自我管理&生活&计算机,中信出版集团
https://book.douban.com/subject/34439638/,https://img2.doubanio.com/view/subject/s/public/s33302903.jpg,Algorithms, ,9.6,28人,Jeff Erickson / Independently published / 2019-6-13 / USD 27.50,Algorithms are the lifeblood of computer science. They are the machines that p... ,Jeff Erickson,算法&计算机科学&计算机&Algorithm&CS&编程&数据结构与算法,Independently published
https://book.douban.com/subject/19949020/,https://img2.doubanio.com/view/subject/s/public/s20811702.jpg,程序员的数学, ,7.3,1188人,结城浩 / 管杰 / 人民邮电出版社 / 2012-10 / 49.00元,暂无,结城浩,数学&编程&计算机&程序员&算法&计算机科学&软件开发&图灵程序设计丛书,人民邮电出版社
https://book.douban.com/subject/1996256/,https://img9.doubanio.com/view/subject/s/public/s4242595.jpg,Algorithms, ,9.4,401人,Sanjoy Dasgupta、Christos H. Papadimitriou、Umesh Vazirani / McGraw-Hill Education / 2006-10-16 / GBP 30.99,"This text, extensively class-tested over a decade at UC Berkeley and UC San Di... ",Sanjoy Dasgupta&Christos H. Papadimitriou&Umesh Vazirani,算法&algorithm&计算机科学&计算机&Algorithms&数学&CS&programming,McGraw-Hill Education
https://book.douban.com/subject/6434299/,https://img2.doubanio.com/view/subject/s/public/s24506201.jpg,算法设计与分析, ,8.1,50人,屈婉玲、刘田、张立昂、王捍贫 / 清华大学 / 2011-5 / 25.00元,《算法设计与分析》为计算机科学技术专业核心课程“算法设计与分析”教材.全书以算法设计技术和分析方法为主线来组织各知识单元，主要内容包括基础知识、分治策略、动... ,屈婉玲&刘田&张立昂&王捍贫,算法&计算机&编程&教材&Algorithms&软件&技术,清华大学
https://book.douban.com/subject/30213638/,https://img1.doubanio.com/view/subject/s/public/s29759837.jpg,永恒的图灵,20位科学家对图灵思想的解构与超越,9.3,34人,[美]S. 巴里·库珀（S. Barry Cooper） 安德鲁·霍奇斯 / 堵丁柱、高晓沨、徐秋亮、李廉、徐雯、吕再新、孙晓明、蔡志鹏 / 机械工业出版社 / 2018-4-1 / 119.00元,暂无,S. 巴里·库珀[S. Barry Cooper] 安德鲁·霍奇斯,计算机科学&计算机&CS&算法&科学文化&科学哲学&计算&数学文化,机械工业出版社
https://book.douban.com/subject/1159177/,https://img9.doubanio.com/view/subject/s/public/s1119156.jpg,高效程序的奥秘, ,8.6,208人,沃瑞恩 / 冯速 / 机械工业出版社 / 2004-5 / 28.00元,本书适合程序库、编译器开发者及追求优美程序设计的人员阅读，适合用作计算机专业高年级学生及研究生的参考用书。　　本书直观明了地讲述了计算机算术的更深层次的、更... ,沃瑞恩,算法&编程&计算机&程序设计&计算机科学&programming&程序&经典,机械工业出版社
https://book.douban.com/subject/26593822/,https://img3.doubanio.com/view/subject/s/public/s28340170.jpg,程序员的数学2,概率统计,8.4,250人,平冈和幸、堀玄 / 陈筱烟 / 人民邮电出版社 / 2015-8-1 / CNY 79.00,本书沿袭《程序员的数学》平易近人的风格，用通俗的语言和具体的图表深入讲解程序员必须掌握的各类概率统计知识，例证丰富，讲解明晰，且提供了大量扩展内容，引导读者... ,平冈和幸&堀玄,数学&计算机&统计学&编程&计算机科学&算法&概率&程序员,人民邮电出版社
https://book.douban.com/subject/26639401/,https://img9.doubanio.com/view/subject/s/public/s28314494.jpg,学习JavaScript数据结构与算法, ,7.9,133人,[巴西] 格罗纳（Loiane Groner） / 孙晓博、邓钢、吴双、陈迪、袁源 / 人民邮电出版社 / 2015-10-1 / 39.00,本书首先介绍了JavaScript语言的基础知识，接下来讨论了数组、栈、队列、链表、集合、字典、散列表、树、图等数据结构，之后探讨了各种排序和搜索算法，包括... ,格罗纳,JavaScript&数据结构&算法&前端开发&编程&javascript&前端&计算机,人民邮电出版社
https://book.douban.com/subject/35229404/,https://img1.doubanio.com/view/subject/s/public/s33742928.jpg,大话数据结构,溢彩加强版,8.8,60人,程杰 / 清华大学出版社 / 2020-12-31 / 119,《大话数据结构【溢彩加强版】》以一个计算机教师的教学过程为场景，讲解数据结构和相关算法的知识。全书以趣味方式来叙述，大量引用各种各样的生活知识来类比，并充分... ,程杰,数据结构&算法&计算机科学&C语言&编程&计算机&问题解决&程序设计,清华大学出版社
https://book.douban.com/subject/27027529/,https://img1.doubanio.com/view/subject/s/public/s29433339.jpg,We Are Data,Algorithms and The Making of Our Digital Selves,暂无,少于10人,John Cheney-Lippold / NYU Press / 2017-5-2 / GBP 20.99,暂无,John Cheney-Lippold,算法&控制&媒介研究&大数据&互联网&文化研究,NYU Press
https://book.douban.com/subject/30495826/,https://img2.doubanio.com/view/subject/s/public/s33308081.jpg,隐秩序：适应性造就复杂性, ,8.7,18人,霍兰 / 周晓 / 上海科技教育出版社 / 2019-1-1 / 35.00元,像艾滋病这样的疾病为何能够摧毁免疫系统?像纽约、东京这样的大城市，如何能够不间断地保障食品、医疗、服饰和数百万种居民必需品的供给?这类高度复杂系统的运作仍然... ,霍兰,复杂系统&思维&算法&非线性&科普&网络科学&科学&进化,上海科技教育出版社
https://book.douban.com/subject/34451555/,https://img9.doubanio.com/view/subject/s/public/s33313085.jpg,12堂趣味逻辑课, ,6.2,106人,[美] 阿里·阿莫萨维 / 高洁 / 中信出版集团 / 2019-7-15 / 49,暂无,阿里·阿莫萨维,逻辑&思维&*北京·中信出版社*&算法&外国文学&计算机&2019&名著,中信出版集团
https://book.douban.com/subject/35243501/,https://img1.doubanio.com/view/subject/s/public/s33806469.jpg,算法之禅：递推与递归, ,暂无,少于10人,刘铁猛 / 中国水利水电出版社 / 2020-10,算法是个有趣的东西—针对某个问题设计算法的时候，不会的人感觉像“大海捞针”，而会的人则感觉像“一苇渡江”。高手的头脑里都有一张“算法地图”，算法之间不是孤立... ,刘铁猛,算法&计算机&思维&计算机科学,中国水利水电出版社
https://book.douban.com/subject/1852515/,https://img1.doubanio.com/view/subject/s/public/s1757378.jpg,计算理论导引,第2版,9.3,224人,[美]Michael Sipser / 唐常杰、陈鹏、向勇、刘齐宏 / 机械工业出版社 / 2006-7 / 36.00元,本书是计算理论领域的经典著作，被国外多所大学选用为教材。本书以注重思路、深入引导为特色，系统地介绍计算理论的三大主要内容：自动机与语言、可计算性理论和计算复... ,Michael Sipser,计算理论&计算机科学&计算机&数学&算法&CS&理论&经典,机械工业出版社
https://book.douban.com/subject/25779326/,https://img9.doubanio.com/view/subject/s/public/s27157735.jpg,可能与不可能的边界,P/NP问题趣史,7.5,259人,[美] Lance Fortnow / 杨帆 / 人民邮电出版社 / 2014-1 / 39.00,P/NP 问题是计算机科学乃至整个数学领域最重要的开放问题。本书从非技术角度介绍了什么是P/NP 问题、它丰富的历史，以及对于人机交互乃至更多问题的数学意义... ,Lance Fortnow,科普&数学&计算机科学&计算机&算法&数学科普&编程&人工智能,人民邮电出版社
https://book.douban.com/subject/34927752/,https://img2.doubanio.com/view/subject/s/public/s33568351.jpg,被算法操控的生活,重新定义精准广告、大数据和AI,6.2,58人,[瑞典]大卫•萨普特（David Sumpter） / 易文波 / 湖南科学技术出版社 / 2020-1 / 59.8,这是一个“算法世界”：建立在数据之上的算法指导社会的运行、决定我们能在网上看到什么；它更是自动驾驶、智能管家、未来医疗以至智慧城市的基石。如果我们不了解算法... ,大卫•萨普特,算法&互联网&科普&计算机&网络生活&社会学&文化研究&计算机科学,湖南科学技术出版社
https://book.douban.com/subject/35241115/,https://img9.doubanio.com/view/subject/s/public/s33750335.jpg,The Algorithm Design Manual,Third Edition,暂无,少于10人,Steven Skiena / Springer / 2020-10-6 / $99.99,This newly expanded and updated third edition of the best-selling classic cont... ,Steven Skiena,算法&Algorithm&计算机&编程&algorithm&CS&C++,Springer
https://book.douban.com/subject/1154204/,https://img9.doubanio.com/view/subject/s/public/s5693985.jpg,算法艺术与信息学竞赛, ,8.5,684人,刘汝佳 / 清华大学出版社 / 2004-1 / 45.00元,《算法艺术与信息学竞赛》较为系统和全面地介绍了算法学最基本的知识。这些知识和技巧既是高等院校“算法与数据结构”课程的主要内容，也是国际青少年信息学奥林匹克（... ,刘汝佳,算法&ACM&计算机&编程&algorithm&计算机科学&programming,清华大学出版社
https://book.douban.com/subject/4822685/,https://img2.doubanio.com/view/subject/s/public/s27331702.jpg,编码,隐匿在计算机软硬件背后的语言,9.3,4333人,[美] Charles Petzold / 左飞、薛佟佟 / 电子工业出版社 / 2010 / 55.00元,本书讲述的是计算机工作原理。作者用丰富的想象和清晰的笔墨将看似繁杂的理论阐述得通俗易懂，你丝毫不会感到枯燥和生硬。更重要的是，你会因此而获得对计算机工作原理... ,Charles Petzold,计算机&计算机原理&计算机科学&编程&编码&科普&技术&IT,电子工业出版社
https://book.douban.com/subject/35268768/,https://img9.doubanio.com/view/subject/s/public/s33766705.jpg,Dive Into Algorithms,A Pythonic Adventure for the Intrepid Beginner,暂无,少于10人,Bradford Tuckfield / No Starch Press / 2021-1-15,Dive Into Algorithms is a broad introduction to algorithms using the Python Pr... ,Bradford Tuckfield,算法&科普&Programming,No Starch Press
https://book.douban.com/subject/1484451/,https://img1.doubanio.com/view/subject/s/public/s27160437.jpg,Programming Pearls, ,9.5,176人,Jon Bentley / Addison-Wesley Professional / 1999-10-7 / USD 44.99,暂无,Jon Bentley,算法&programming&编程&计算机&计算机科学&algorithm&经典&程序设计,Addison-Wesley Professional
https://book.douban.com/subject/3904676/,https://img9.doubanio.com/view/subject/s/public/s27275094.jpg,"Introduction to Algorithms, 3rd Edition", ,9.5,571人,Thomas H. Cormen、Charles E. Leiserson、Ronald L. Rivest、Clifford Stein / The MIT Press / 2009-7-31 / USD 94.00,Some books on algorithms are rigorous but incomplete; others cover masses of m... ,Thomas H. Cormen&Charles E. Leiserson&Ronald L. Rivest&Clifford Stein,算法&Algorithms&计算机&计算机科学&编程&algorithm&经典&programming,The MIT Press
https://book.douban.com/subject/3425827/,https://img2.doubanio.com/view/subject/s/public/s5978262.jpg,算法概论（注释版）, ,9.0,124人,[美] Sanjoy Dasgupta、[美] Christos Papadimitriou、[美] Umesh Vazirani / 钱枫(注)、邹恒明(注) / 机械工业出版社 / 2012-5 / 55.00元,本书源自加州大学伯克利分校和加州大学圣迭戈分校本科生的算法课讲义，以独特的视角展现了算法设计的精巧技术及魅力。在表达每一种技术时，强调每个算法背后的简洁数学... ,Sanjoy Dasgupta&Christos Papadimitriou&Umesh Vazirani,算法&计算机&计算机科学&Algorithms&Algorithm&算法与数据结构&编程&经典,机械工业出版社
https://book.douban.com/subject/33503403/,https://img1.doubanio.com/view/subject/s/public/s33659189.jpg,我们在四维空间可以做什么,不用计算的18堂数学课,8.8,119人,［澳］马特·帕克（Matt Parker） / 李轩 / 后浪 | 北京联合出版公司 / 2020-7 / 48.00元,暂无,马特·帕克,数学&科普&空间&自然科学相关&科学文化&算法&后浪&2020,后浪 | 北京联合出版公司
https://book.douban.com/subject/35391675/,https://img9.doubanio.com/view/subject/s/public/s33894665.jpg,程序员的数学基础课,从理论到Python实践,暂无,少于10人,黄申 / 人民邮电出版社 / 2021-3 / 89.00元,本书紧贴计算机领域，从程序员的需求出发，精心挑选了程序员真正用得上的数学知识，通过生动的案例来解读知识中的难点，使程序员更容易对实际问题进行数学建模，进而构... ,黄申,数学&编程&计算机&計算機&经典&算法&机器学习&编程语言,人民邮电出版社
https://book.douban.com/subject/6966465/,https://img9.doubanio.com/view/subject/s/public/s7038106.jpg,剑指Offer,名企面试官精讲典型编程题,8.3,818人,何海涛 / 电子工业出版社 / 2012-1 / 45.00元,《剑指Offer:名企面试官精讲典型编程题》剖析了50个典型的程序员面试题，从基础知识、代码质量、解题思路、优化效率和综合能力五个方面系统整理了影响面试的5... ,何海涛,面试&算法&求职&编程&计算机&IT&programming&工作,电子工业出版社
https://book.douban.com/subject/24703171/,https://img2.doubanio.com/view/subject/s/public/s26696371.jpg,机器学习实战, ,8.1,1253人,Peter Harrington / 李锐、李鹏、曲亚东、王斌 / 人民邮电出版社 / 2013-6 / 69.00元,机器学习是人工智能研究领域中一个极其重要的研究方向，在现今的大数据时代背景下，捕获数据并从中萃取有价值的信息或模式，成为各行业求生存、谋发展的决定性手段，这... ,Peter Harrington,机器学习&python&MachineLearning&数据挖掘&算法&数据分析&计算机&编程,人民邮电出版社
https://book.douban.com/subject/27109832/,https://img9.doubanio.com/view/subject/s/public/s29513356.jpg,趣学算法, ,8.9,52人,陈小玉 / 人民邮电出版社 / 2017-7-1 / 89.00元,暂无,陈小玉,算法&编程&计算机科学&计算机&数据结构&数学&2017&我想读这本书,人民邮电出版社
https://book.douban.com/subject/1232071/,https://img9.doubanio.com/view/subject/s/public/s8449785.jpg,如何求解问题,现代启发式方法,8.7,375人,[美] Zbigniew Michalewicz、[美] David B.Fogel / 曹宏庆、等 / 中国水利水电出版社 / 2003-2-1 / 35.00元,本书通过一系列贯穿于章节间的有趣难题，深入浅出地阐述了如何利用计算机来求解问题的一些现代启发式方法。 ,Zbigniew Michalewicz&David B.Fogel,思维&算法&数学&计算机&计算机科学&编程&策略&科普,中国水利水电出版社
https://book.douban.com/subject/35258057/,https://img9.doubanio.com/view/subject/s/public/s34069515.jpg,最优化：建模、算法与理论, ,9.5,20人,刘浩洋、户将、李勇锋、文再文 / 高等教育出版社 / 2020-10 / 65.00,最优化计算方法是运筹学、计算数学、机器学习和数据科学与大数据技术等专业的一门核心课程。最优化问题通常需要对实际需求进行定性和定量分析，建立恰当的数学模型来描... ,刘浩洋&户将&李勇锋&文再文,数学&最优化&机器学习&优化&计算机科学&计算机&算法&专业,高等教育出版社
https://book.douban.com/subject/4924153/,https://img9.doubanio.com/view/subject/s/public/s4459394.jpg,数据结构与算法分析,C语言描述,9.1,94人,韦斯(Mark Allen Weiss) / 机械工业出版社 / 2010-8 / 45.00元,《数据结构与算法分析:C语言描述》曾被评为20世纪顶尖的30部计算机著作之一，作者在数据结构和算法分析方面卓有建树，他的数据结构和算法分析的著作尤其畅销，并... ,韦斯,数据结构&算法&计算机&C&计算机科学&Algorithms&编程&数据结构与算法,机械工业出版社
https://book.douban.com/subject/2183420/,https://img1.doubanio.com/view/subject/s/public/s2648629.jpg,生物信息学算法导论, ,8.6,56人,N.C.琼斯 / 第1版 (2007年7月1日) / 2007-7 / 45.0,这是一本关于生物信息学算法和计算思想的导论性教科书，原著由国际上的权威学者撰写，经国内知名专家精心翻译为中文，系统介绍推动生物信息学不断进步的算法原理。全书... ,N.C.琼斯,算法&生物&计算机&科研&programming&科学&机器学习&软件开发,第1版 (2007年7月1日)
https://book.douban.com/subject/25894685/,https://img9.doubanio.com/view/subject/s/public/s27345094.jpg,啊哈!算法, ,7.7,549人,啊哈磊 / 人民邮电出版社 / 2014-6-1 / 45.00元,暂无,啊哈磊,算法&编程&计算机&数据结构与算法&计算机科学&程序员&有趣&科普,人民邮电出版社
https://book.douban.com/subject/35479859/,https://img9.doubanio.com/view/subject/s/public/s33911885.jpg,用Python学数学, ,暂无,少于10人,[美] 彼得·法雷尔 / 严开 / 人民邮电出版社 / 2021-6 / 109.80元,本书向读者展示如何利用编程来让数学学习变得有意义并且充满乐趣。读者在探索代数学、几何学、三角学、矩阵和元胞自动机等领域的关键数学概念时，将学会在Python... ,彼得·法雷尔,数学&Python&python&编程&算法&数学分析&2021&计算机科学,人民邮电出版社
https://book.douban.com/subject/30323938/,https://img2.doubanio.com/view/subject/s/public/s29867312.jpg,数据结构与算法：python语言实现,Python语言实现,6.4,58人,迈克尔.·T·古德里奇、罗伯托·塔玛西亚、迈克尔·H·戈德瓦瑟 / 张晓、赵晓南 / 机械工业出版社 / 2018-9 / 109.00元,本书采用Python语言讨论数据结构和算法，详细讲解其设计、分析与实现过程，是一本内容全面且特色鲜明的教材。书中将面向对象视角贯穿始终，充分利用Python... ,迈克尔.·T·古德里奇&罗伯托·塔玛西亚&迈克尔·H·戈德瓦瑟,数据结构与算法&python&算法&Python&数据结构&计算机&编程&计算机科学,机械工业出版社
https://book.douban.com/subject/30547794/,https://img2.doubanio.com/view/subject/s/public/s32273181.jpg,改变未来的九大算法, ,7.5,108人,【美】约翰·麦考密克(John MacCormick) / 管策 / 中信出版社 / 2019-2 / 68.00元,暂无,约翰·麦考密克,计算机&科普&算法&科技&美国&互联网&2019&计算机科学,中信出版社
https://book.douban.com/subject/34809689/,https://img9.doubanio.com/view/subject/s/public/s33467335.jpg,强化学习（第2版）, ,8.4,93人,【加】Richard S. Sutton（理查德·桑顿）、【美】Andrew G. Barto（安德鲁·巴图） 著 / 俞凯 等 / 电子工业出版社 / 2019-9 / 168.00元,《强化学习（第2版）》作为强化学习思想的深度解剖之作，被业内公认为是一本强化学习基础理论的经典著作。它从强化学习的基本思想出发，深入浅出又严谨细致地介绍了马... ,Richard S. Sutton&Andrew G. Barto[安德鲁·巴图] 著,机器学习&人工智能&计算机&计算机科学&算法&大数据&CS,电子工业出版社
https://book.douban.com/subject/34465629/,https://img2.doubanio.com/view/subject/s/public/s33510061.jpg,算法竞赛入门到进阶, ,暂无,少于10人,罗勇军、郭卫斌 / 清华大学出版社 / 2019-8 / 59.80元,本书是算法竞赛的入门和进阶教材，包括算法思路、模板代码、知识体系、赛事相关等内容。本书把竞赛常用的知识点和竞赛题结合起来，讲解清晰、透彻，帮助初学者建立自信... ,罗勇军&郭卫斌,算法&ACM&数据结构与算法分析&编程&数据结构,清华大学出版社
https://book.douban.com/subject/5975393/,https://img1.doubanio.com/view/subject/s/public/s4632689.jpg,矩阵计算, ,9.3,51人,Gene H.Golub、Charles F.Van Loan / 袁亚湘 / 人民邮电出版社 / 2011-3-1 / 89.00元,本书是国际上数值计算方面的权威著作，有“圣经”之称。被美国加州大学、斯坦福大学、华盛顿大学、芝加哥大学、中国科学院研究生院等很多世界知名学府用作相关课程的教... ,Gene H.Golub&Charles F.Van Loan,数学&线性代数&算法&教材&计算机,人民邮电出版社
https://book.douban.com/subject/33425261/,https://img2.doubanio.com/view/subject/s/public/s32303423.jpg,算法设计 英文版,英文版,暂无,少于10人,[美] 乔恩·克莱因伯格（Jon Kleinberg）  伊娃·塔多斯（éva / 人民邮电出版社 / 2019-5 / 138元,这是一本关于算法设计和分析的教材。本书围绕算法设计进行组织，对每种算法技术选择了多个典型范例进行分析，把算法的理论跟实际存在的问题结合起来，具有很大的启发性... ,乔恩·克莱因伯格[Jon Kleinberg]  伊娃·塔多斯[éva,算法&科学&计算机科学&计算机&网络&IT&Algorithms,人民邮电出版社
https://book.douban.com/subject/26575738/,https://img9.doubanio.com/view/subject/s/public/s28259686.jpg,The Master Algorithm,How the Quest for the Ultimate Learning Machine Will Remake Our World,8.2,87人,Pedro Domingos / Basic Books / 2015-9-22 / USD 29.99,A thought-provoking and wide-ranging exploration of machine learning and the r... ,Pedro Domingos,机器学习&人工智能&AI&科普&计算机&Algorithm&算法&algorithm,Basic Books
https://book.douban.com/subject/3072383/,https://img2.doubanio.com/view/subject/s/public/s29702221.jpg,The Algorithm Design Manual, ,9.1,123人,Steven S Skiena / Springer / 2011-11-14 / GBP 55.07,....The most comprehensive guide to designing practical and efficient algorith... ,Steven S Skiena,算法&algorithm&计算机&计算机科学&Algorithm&编程&programming&CS,Springer
https://book.douban.com/subject/10756419/,https://img9.doubanio.com/view/subject/s/public/s24937624.jpg,Hacker's Delight, ,9.1,23人,Henry S. Warren / Addison-Wesley Professional / 2012-10-5 / USD 59.99,"In Hacker's Delight, Second Edition, Hank Warren once again compiles an irresi... ",Henry S. Warren,算法&计算机&计算机科学&编程&Programming&programming&程序设计&CS,Addison-Wesley Professional
https://book.douban.com/subject/26745780/,https://img9.doubanio.com/view/subject/s/public/s29130656.jpg,数据结构与算法分析,Java语言描述,8.3,86人,韦斯 (Mark Allen Weiss) / 陈越 / 机械工业出版社 / 2016-3-1 / 69.00元,本书是国外数据结构与算法分析方面的经典教材，使用卓越的Java编程语言作为实现工具讨论了数据结构(组织大量数据的方法)和算法分析(对算法运行时间的估计)。本... ,韦斯,算法&Java&数据结构&计算机&计算机科学&数据结构与算法&算法与数据结构&软件开发,机械工业出版社
https://book.douban.com/subject/1737661/,https://img2.doubanio.com/view/subject/s/public/s5645883.jpg,算法设计, ,9.0,109人,[美]克菜因伯格、塔多斯 / 清华大学出版社 / 2006-1 / 68.00元,《大学计算机教育国外著名教材系列:算法设计(影印版)》是近年来关于算法设计和分析的不可多得的优秀教材。《大学计算机教育国外著名教材系列:算法设计(影印版)》... ,克菜因伯格&塔多斯,算法&algorithm&计算机科学&计算机&编程&programming&cs&教材,清华大学出版社
https://book.douban.com/subject/20435906/,https://img2.doubanio.com/view/subject/s/public/s27435531.jpg,傅立叶分析导论, ,9.8,48人,斯坦恩 (Elias M. Stein)、Rami Shakarchi / 世界图书出版公司北京公司 / 2013-1-1 / 59.00元,傅立叶分析导论，ISBN：9787510040559，作者：Elias M·Stein，Rami Shakarchi 著 ,斯坦恩&Rami Shakarchi,数学&英文原版&算法&Analysis&Mathematics&mathematics,世界图书出版公司北京公司
https://book.douban.com/subject/35381195/,https://img9.doubanio.com/view/subject/s/public/s33842976.jpg,机器学习公式详解, ,8.9,33人,谢文睿、秦州 / 人民邮电出版社 / 2021-3-1 / 49.8,周志华老师的《机器学习》（俗称“西瓜书”）是机器学习领域的经典入门教材之一。本书（俗称“南瓜书”）基于Datawhale 成员自学“西瓜书”时记下的笔记编著... ,谢文睿&秦州,机器学习&AI&计算机&计算机科学&算法&深度学习&数学&计算机科学与技术,人民邮电出版社
https://book.douban.com/subject/26821588/,https://img3.doubanio.com/view/subject/s/public/s28827840.jpg,写给大家看的算法书, ,7.6,71人,【日】杉浦 贤 / 绝云 / 电子工业出版社 / 2016-6 / 59.00元,算法这个词对于非计算机从业人士而言，似乎就是晦涩、神秘的代名词。其实，算法在日常生活中随处可见。做饭用的菜谱是一种算法、查字典的方法是一种算法、给期中考试分... ,杉浦 贤,算法&计算机&编程&科普&思维&计算机科学&入门&技术史,电子工业出版社
https://book.douban.com/subject/35658199/,https://img3.doubanio.com/view/subject/s/public/s34038730.jpg,机器学习极简入门, ,暂无,目前无人,李烨 / 图灵丨人民邮电出版社 / 2021-11 / 99.80元,暂无,李烨,机器学习&人工智能&Python&计算机科学&算法&技术,图灵丨人民邮电出版社
https://book.douban.com/subject/4065258/,https://img9.doubanio.com/view/subject/s/public/s6083105.jpg,算法：C语言实现,(第1～4部分)基础知识、数据结构、排序及搜索,8.8,210人,塞奇威克 / 霍红卫 / 机械工业出版社 / 2009-10 / 79.00元,《算法:C语言实现(第1-4部分)基础知识、数据结构、排序及搜索(原书第3版)》细腻讲解计算机算法的C语言实现。全书分为四部分，共16章。包括基本算法分析原... ,塞奇威克,算法&C&数据结构&算法与数据结构&计算机&计算机科学&编程&Algorithm,机械工业出版社
https://book.douban.com/subject/35595757/,https://img2.doubanio.com/view/subject/s/public/s33993862.jpg,机器学习算法竞赛实战, ,,17人,王贺、刘鹏、钱乾 / 图灵｜人民邮电出版社 / 2021-9-13 / 99.8元,本书是算法竞赛领域一本系统介绍竞赛的图书，书中不仅包含竞赛的基本理论知识，还结合多个方向和案例详细阐述了竞赛中的上分思路和技巧。全书分为五部分：第一部分以算... ,王贺&刘鹏&钱乾,机器学习&计算科学&编程&算法&社会学,图灵｜人民邮电出版社
https://book.douban.com/subject/35476571/,https://img2.doubanio.com/view/subject/s/public/s33909131.jpg,权力之治：人工智能时代的算法规制, ,暂无,少于10人,张凌寒 / 上海人民出版社 / 2021-5 / 96,算法正在无形地塑造我们的世界。新闻推送、搜索排名、信用评分、行政决策、甚至审判量刑，都以源源不断的数据驱动的算法深入社会生活的各个角落，成为资源分配者与权力... ,张凌寒,算法&网络治理&人工智能&科学&AI,上海人民出版社
https://book.douban.com/subject/1822197/,https://img3.doubanio.com/view/subject/s/public/s4242490.jpg,Elements of Information Theory, ,8.9,125人,Thomas M. Cover、Joy A. Thomas / Wiley-Blackwell / 2006-7 / GBP 76.50,The latest edition of this classic is updated with new problem sets and materi... ,Thomas M. Cover&Joy A. Thomas,信息论&数学&计算机科学&计算机&Theory&算法&CS&教材,Wiley-Blackwell
https://book.douban.com/subject/3837355/,https://img3.doubanio.com/view/subject/s/public/s3914160.jpg,密码学原理与实践, ,7.7,42人,[加]Douglas R.Stinson / 冯登国 / 电子工业出版社 / 2009年 / 55.00元,"冯登国(FENG Dengguo,1965.5~), 现为中国科学院软件所研究员、博士生导师，信息安全国家重点实验室主任，国家计算机网络入侵防范中心主任，国... ",Douglas R.Stinson,密码学&计算机&信息安全&算法&密码&教材&安全&数学,电子工业出版社
https://book.douban.com/subject/30416291/,https://img1.doubanio.com/view/subject/s/public/s29909578.jpg,AI极简经济学, ,7.3,316人,阿杰伊·阿格拉沃尔、乔舒亚·甘斯、阿维·戈德法布 / 闾佳 / 博集天卷 | 湖南科学技术出版社 / 2018-12 / 58.00,暂无,阿杰伊·阿格拉沃尔&乔舒亚·甘斯&阿维·戈德法布,人工智能&AI&经济学&大数据&经济&科普&新经济&金融,博集天卷 | 湖南科学技术出版社
https://book.douban.com/subject/3753486/,https://img1.doubanio.com/view/subject/s/public/s3846159.jpg,算法技术手册,Algorithms in a Nutshell(影印版),9.2,23人,[美]海涅曼 (Heineman.G.T.)、[美]波利切 (Pollice.G.)、[美]塞克欧 (Selkow.S.) / 东南大学出版社 / 2009-4 / 58.00元,创造稳定的软件需要有效的算法，但是程序设计者们很少能在问题出现之前就想到。《算法技术手册(影印版)》描述了现有的可以解决多种问题的算法，并且能够帮助你根据需... ,海涅曼&波利切&塞克欧,算法&programming&计算机&编程&O&#39;Reilly&英文原版&CS&计算机技术,东南大学出版社
https://book.douban.com/subject/35134991/,https://img1.doubanio.com/view/subject/s/public/s33684179.jpg,集成学习：基础与算法, ,9.2,21人,周志华 / 李楠 / 电子工业出版社 / 2020-8-1 / 89.00元,暂无,周志华,机器学习&人工智能&计算机&数据科学&算法&数学&计算机组成原理&编程,电子工业出版社
https://book.douban.com/subject/33419792/,https://img1.doubanio.com/view/subject/s/public/s32320568.jpg,数据结构与算法分析 C语言描述（原书第2版）典藏版, ,9.1,17人,[美] 马克·艾伦·维斯（Mark.Allen.Weiss） / 冯舜玺 / 机械工业出版社 / 2019-4-1 / 79.00,"本书是国外数据结构与算法分析方面的标准教材,介绍了数据结构(大量数据的组织方法)以及算法分析(算法运行时间的估算)。本书的编写目标是同时讲授好的程序设计和算... ",马克·艾伦·维斯,算法&数据结构&计算机&数据结构与算法&计算机科学&計算機&C/C++&C,机械工业出版社
https://book.douban.com/subject/1188923/,https://img2.doubanio.com/view/subject/s/public/s7654162.jpg,图论导引,（英文版·第2版）,9.2,24人,[美] Douglas B.West / 机械工业出版社 / 2004-10 / 59.00元,图论在计算科学、社会科学和自然科学等各个领域都有广泛应用。本书是本科生或研究生一学期或两学期的图论课程教材。全书力求保持按证明的难度和算法的复杂性循序渐进的... ,Douglas B.West,图论&数学&计算机&算法&英文原版&Mathematics&Math&英文版,机械工业出版社
https://book.douban.com/subject/26279954/,https://img3.doubanio.com/view/subject/s/public/s27955890.jpg,知识的边界, ,6.9,817人,[美] 戴维·温伯格 / 胡泳、高美 / 山西人民出版社 / 2014-12-1 / 42.00元,暂无,戴维·温伯格,互联网&思维&知识&大数据&社会学&科普&网络生活&美国,山西人民出版社
https://book.douban.com/subject/5952531/,https://img2.doubanio.com/view/subject/s/public/s4615363.jpg,神经网络与机器学习（原书第3版）, ,8.1,136人,[加] Simon Haykin / 申富饶、徐烨、郑俊、晁静 / 机械工业出版社 / 2011-3 / 79.00元,神经网络是计算智能和机器学习的重要分支，在诸多领域都取得了很大的成功。在众多神经网络著作中，影响最为广泛的是Simon Haykin的《神经网络原理》（第3... ,Simon Haykin,神经网络&机器学习&人工智能&计算机&AI&计算机科学&算法&数据挖掘,机械工业出版社
https://book.douban.com/subject/35170836/,https://img2.doubanio.com/view/subject/s/public/s33701292.jpg,计算机程序设计艺术：MMIX增补, ,暂无,少于10人,[德] 马丁·鲁克特 / 江志强、黄志斌 / 人民邮电出版社 / 2020-9-10 / 159,《计算机程序设计艺术》系列被公认为计算机科学领域的权威之作，深入阐述了程序设计理论，对计算机领域的发展有着极为深远的影响．MMIX 是新一代的以 RISC ... ,马丁·鲁克特,计算机&算法,人民邮电出版社
https://book.douban.com/subject/26315799/,https://img9.doubanio.com/view/subject/s/public/s27997666.jpg,最优状态估计,卡尔曼、H∞及非线性滤波,9.3,17人,[美] D. 西蒙 / 张勇刚、李宁、奔粤阳 / 国防工业出版社 / 2013-5-1 / 68.00元,《最优状态估计——卡尔曼H∞及非线性滤波》共分为四个部分，全面介绍了最优状态估计的理论和方法。第1部分为基础知识，回顾了线性系统、概率论和随机过程相关知识，... ,D. 西蒙,最优化&算法&数学&系统科学,国防工业出版社
https://book.douban.com/subject/32690692/,https://img9.doubanio.com/view/subject/s/public/s31581095.jpg,Ethnography for a Data-Saturated World, ,暂无,少于10人,Manchester University Press / 2018-10 / £24.99,This edited collection aims to reimagine and extend ethnography for a data-sat... ,Manchester University Press,量化&算法&大数据&STS,Manchester University Press
https://book.douban.com/subject/6394906/,https://img1.doubanio.com/view/subject/s/public/s24945349.jpg,Taming Text,"How to Find, Organize, and Manipulate It",8.0,14人,"Grant S. Ingersoll、Thomas S. Morton、,Andrew L. Farris / Manning Publications / 2013-1-24 / USD 44.99",It is no secret that the world is drowning in text and data. This causes real ... ,"Grant S. Ingersoll&Thomas S. Morton&,Andrew L. Farris",计算机&IR&数据挖掘&NLP&计算机科学&Programming,Manning Publications
https://book.douban.com/subject/10606626/,https://img2.doubanio.com/view/subject/s/public/s9064013.jpg,组合数学（原书第5版）, ,9.3,97人,[美] Richard A. Brualdi / 冯速 / 机械工业出版社 / 2012-5 / 69.00元,本书是系统阐述组合数学基础、理论、方法和实例的优秀教材，出版三十多年来多次改版，被MIT、哥伦比亚大学、UIUC、威斯康星大学等众多国外高校采用，对国内外组... ,Richard A. Brualdi,数学&组合数学&计算机科学&计算机&算法&离散数学&CS&计算机技术,机械工业出版社
https://book.douban.com/subject/20962468/,https://img9.doubanio.com/view/subject/s/public/s29274025.jpg,Elements of Programming Interviews,The Insiders' Guide,9.5,39人,Adnan Aziz、Tsung-Hsien Lee、Amit Prakash / CreateSpace Independent Publishing Platform / 2012-10-11 / USD 39.95,暂无,Adnan Aziz&Tsung-Hsien Lee&Amit Prakash,面试&算法&Programming&编程&计算机&algorithm&计算机技术&计算机科学,CreateSpace Independent Publishing Platform
https://book.douban.com/subject/34788903/,https://img2.doubanio.com/view/subject/s/public/s33453083.jpg,知识图谱：方法、实践与应用, ,6.8,77人,王昊奋、漆桂林、陈华钧 主编 / 电子工业出版社 / 2019-8 / 118.00元,知识图谱是较为典型的多学科交叉领域，涉及知识工程、自然语言处理、机器学习、图数据库等多个领域。《知识图谱：方法、实践与应用》系统地介绍知识图谱涉及的关键技术... ,王昊奋&漆桂林&陈华钧 主编,人工智能&计算机&算法&NLP&互联网&想读的书,电子工业出版社
https://book.douban.com/subject/26413096/,https://img9.doubanio.com/view/subject/s/public/s28107295.jpg,并行算法设计与性能优化, ,7.7,33人,刘文志 / 机械工业出版社 / 2015-5 / 59.00 元,本书主要介绍并行计算相关的算法的设计和并行计算的性能优化技巧，涵盖现代处理器的特性、衡量程序性能的方法、串行代码性能优化、并行编程模型及其环境、并行算法设计... ,刘文志,并行计算&计算机&并发&程序设计&体系结构&编程&算法&并行,机械工业出版社
https://book.douban.com/subject/26148763/,https://img9.doubanio.com/view/subject/s/public/s27637475.jpg,计算的本质,深入剖析程序和计算机,8.6,227人,[英] Tom Stuart / 张伟 / 人民邮电出版社 / 2014-11 / 69.00元,《计算的本质：深入剖析程序和计算机》借助Ruby全面介绍计算理论和编程语言的设计。作者注重实用性，不仅尽量抛开复杂难懂的数学符号，而且特别选用简单快捷的编程... ,Tom Stuart,计算机科学&计算机&计算理论&编程&ruby&算法&思维&CS,人民邮电出版社
https://book.douban.com/subject/1400498/,https://img1.doubanio.com/view/subject/s/public/s26597278.jpg,C语言名题精选百则技巧篇, ,9.0,56人,冼镜光 / 机械工业出版社 / 2005-7 / 44.00元,《C语言名题精选百则》(技巧篇)收集了100则C语言程序设计题，共分9类。第一类比较简单，主要希望读者了解到《C语言名题精选百则》(技巧篇)的题目、解法与其... ,冼镜光,C语言&C&编程&算法&计算机&C/C++&程序设计&经典,机械工业出版社
https://book.douban.com/subject/10532356/,https://img3.doubanio.com/view/subject/s/public/s8976830.jpg,进化算法的模式、涌现与困难性研究, ,暂无,少于10人,2012-2 / 55.00元,暂无,2012-2,算法&非线性&计算机科学&数学&2012, 
https://book.douban.com/subject/2162225/,https://img1.doubanio.com/view/subject/s/public/s2941088.jpg,离散数学, ,9.3,42人,多西 / 章炯民、王新伟、曹立 / 机械工业 / 2007-6 / 55.00元,暂无,多西,离散数学&数学&计算机&计算机科学&算法&经典&逻辑&CS,机械工业
https://book.douban.com/subject/26365491/,https://img3.doubanio.com/view/subject/s/public/s28047380.jpg,程序是怎样跑起来的, ,8.0,738人,[日] 矢泽久雄 / 李逢俊 / 人民邮电出版社 / 2015-4 / 39.00元,本书从计算机的内部结构开始讲起，以图配文的形式详细讲解了二进制、内存、数据压缩、源文件和可执行文件、操作系统和应用程序的关系、汇编语言、硬件控制方法等内容，... ,矢泽久雄,计算机&计算机科学&编程&计算机组成原理&科普&计算机系统&初级&好书，值得一读,人民邮电出版社
https://book.douban.com/subject/11749470/,https://img9.doubanio.com/view/subject/s/public/s18638946.jpg,The Audit Society, ,暂无,目前无人,"Power, Michael / Oxford University Press / 1999-10 / $ 56.50",Since the early 1980s there has been an explosion of auditing activity in the ... ,"Power, Michael",量化&算法&审计&大数据&STS,Oxford University Press
https://book.douban.com/subject/1910326/,https://img9.doubanio.com/view/subject/s/public/s2170174.jpg,编程珠玑, ,9.2,410人,Jon Bentley / 人民邮电出版社 / 2006-11 / 28.0,《编程珠玑》第一版是我早期职业生涯中阅读过的对我影响较大的书籍之一，在书中首次接触到的很多观点都让我长期受益。作者在这一版本中做了重要更新，新增加的很多例子... ,Jon Bentley,编程&算法&计算机&programming&程序设计&经典&计算机科学&algorithm,人民邮电出版社
https://book.douban.com/subject/2868285/,https://img9.doubanio.com/view/subject/s/public/s11199705.jpg,Planning Algorithms, ,9.3,22人,Steven M. LaValle / ‎ Cambridge University Press / 2006-5-29 / GBP 50.99,This book presents a unified treatment of many different kinds of planning alg... ,Steven M. LaValle,算法&Algorithms&计算机科学&数学&计算机&专业书籍,‎ Cambridge University Press
https://book.douban.com/subject/26302533/,https://img1.doubanio.com/view/subject/s/public/s27984539.jpg,编程珠玑（第2版•修订版）, ,8.4,279人,[美] Jon Bentley 乔恩•本特利 / 黄倩、钱丽艳 / 人民邮电出版社 / 2014-12 / 39,暂无,Jon Bentley 乔恩•本特利,算法&编程&计算机&计算机科学&程序设计&经典&软件开发&编程思想,人民邮电出版社
https://book.douban.com/subject/27025478/,https://img9.doubanio.com/view/subject/s/public/s29705334.jpg,趣题学算法, ,暂无,少于10人,徐子珊 / 人民邮电出版社 / 2017-4,暂无,徐子珊,算法&编程&CS&C/C++&程序设计,人民邮电出版社
https://book.douban.com/subject/5252170/,https://img1.doubanio.com/view/subject/s/public/s4462767.jpg,信息检索导论, ,9.1,271人,Christopher D.Manning、Hinrich Schütze、Prabhakar Raghavan / 王斌 / 人民邮电出版社 / 2010-8 / 69.00元,封面图片为英国伯明翰塞尔福瑞吉百货大楼，其极具线条感的轮廓外型优美，犹如水波的流动。其外表悬挂了1.5万个铝碟，创造出一种极具现代气息的纹理装饰效果，有如夜... ,Christopher D.Manning&Hinrich Schütze&Prabhakar Raghavan,信息检索&搜索引擎&数据挖掘&IR&计算机&算法&计算机科学,人民邮电出版社
https://book.douban.com/subject/2038862/,https://img3.doubanio.com/view/subject/s/public/s10457290.jpg,柔性字符串匹配, ,8.3,53人,纳瓦罗 / 中科院计算所网络信息安全研究组 / 电子工业 / 2007-3 / 38.00元,本书是一本不可多得的字符串匹配方面的专业书籍。书中对串匹配问题进行了系统化的分类，从实际效果出发，着重详细介绍了串匹配领域内效果最好的若干种算法。并且给出了... ,纳瓦罗,算法&计算机&编程&Algorithm&计算机科学&搜索引擎,电子工业
https://book.douban.com/subject/26962516/,https://img1.doubanio.com/view/subject/s/public/s29306497.jpg,Dynamic Programming for Coding Interviews,A Bottom-Up approach to problem solving,暂无,少于10人,Meenakshi、Kamal Rawat / Notion Press / 2017-1-16 / USD 9.50,I wanted to compute 80th term of the Fibonacci series. I wrote the rampant rec... ,Meenakshi&Kamal Rawat,计算机&算法&面试&m&Algorithm,Notion Press
https://book.douban.com/subject/35128407/,https://img2.doubanio.com/view/subject/s/public/s33695011.jpg,真实世界的算法：初学者指南, ,暂无,少于10人,[希] 帕诺斯•卢里达斯（Panos Louridas） / 王刚 / 机械工业出版社 / 2020-7-1 / 99元,暂无,帕诺斯•卢里达斯,算法&计算机&科技,机械工业出版社
https://book.douban.com/subject/1116431/,https://img2.doubanio.com/view/subject/s/public/s5687571.jpg,计算机算法, ,9.1,32人,Baase / 高等教育出版社 / 2001-7-1 / 39.5,本书的主要内容包括三部分，一是介绍了如何用算法解决在计算机应用中经常出现的现实问题，二是介绍了计算复杂性的基本原理与技术，最后讲解了NP-完备性问题及并行算... ,Baase,算法&计算机&数据结构与算法&编程&计算机科学&教材&英文原版,高等教育出版社
https://book.douban.com/subject/2377310/,https://img9.doubanio.com/view/subject/s/public/s5886086.jpg,C专家编程, ,9.2,2054人,[美] Peter Van Der Linden / 徐波 / 人民邮电出版社 / 2008-2 / 45.00元,暂无,Peter Van Der Linden,C语言&编程&计算机&c&C/C++&C&程序设计&programming,人民邮电出版社
https://book.douban.com/subject/2035809/,https://img1.doubanio.com/view/subject/s/public/s2349297.jpg,算法设计, ,8.4,187人,Jon Kleinberg、Éva Tardos / 张立昂、屈婉玲 / 清华大学出版社 / 2007-3-1 / 75.00元,算法设计，ISBN：9787302143352，作者：（美）克林伯格（Kleinberg，J.），（）塔多斯（Tardos，E.） 著，张立昂，屈婉玲 译 ,Jon Kleinberg&Éva Tardos,算法&计算机&Algorithm&计算机科学&编程&算法、数据结构&Programming&教材,清华大学出版社
https://book.douban.com/subject/35591269/,https://img3.doubanio.com/view/subject/s/public/s34066330.jpg,"Introduction to Algorithms, fourth edition", ,暂无,目前无人,Thomas H. Cormen、Charles E. Leiserson、Ronald L. Rivest、Clifford Stein / The MIT Press / 2022-3-22 / USD 135.00,"A comprehensive update of the leading algorithms text, with new material on ma... ",Thomas H. Cormen&Charles E. Leiserson&Ronald L. Rivest&Clifford Stein,算法&计算机科学&CS&英文&实用&2022,The MIT Press
https://book.douban.com/subject/1914766/,https://img9.doubanio.com/view/subject/s/public/s5788484.jpg,离散数学,基础与提高,9.5,34人,László Lovász、József Pelikán、Katalin Vesztergombi / 清华大学出版社 / 2006-9 / 39.00元,暂无,László Lovász&József Pelikán&Katalin Vesztergombi,离散数学&数学&计算机科学&教材&科普,清华大学出版社
https://book.douban.com/subject/5904145/,https://img9.doubanio.com/view/subject/s/public/s4589075.jpg,The Design of Approximation Algorithms, ,8.9,17人,David P. Williamson、David B. Shmoys / Cambridge University Press / 2011-4-26 / GBP 51.99,"Discrete optimization problems are everywhere, from traditional operations res... ",David P. Williamson&David B. Shmoys,算法&计算机科学&数学&计算机&编程&Optimization&计算机技术,Cambridge University Press
https://book.douban.com/subject/27072616/,https://img9.doubanio.com/view/subject/s/public/s29661526.jpg,大數據的傲慢與偏見,一個「圈內數學家」對演算法霸權的警告與揭發,7.1,24人,Cathy O’Neil / 許瑞宋 / 大寫出版,暂无,Cathy O’Neil,大数据&科技&互联网&算法&繁体&台湾&社科&社会学,大寫出版
https://book.douban.com/subject/30358716/,https://img2.doubanio.com/view/subject/s/public/s29902771.jpg,无处不在的算法, ,,10人,[德]贝特霍尔德·弗金、赫尔穆特·阿尔特 / 机械工业出版社 / 2018-1-1,本书以简单易懂的写作风格，通过解决现实世界常见的问题来介绍各种算法技术，揭示了算法的设计与分析思想。全书共有41章，分为四大部分，图文并茂，把各种算法的核心... ,贝特霍尔德·弗金&赫尔穆特·阿尔特,算法&计算机&计算机科学&CS&科学文化&数学文化&akb,机械工业出版社
https://book.douban.com/subject/34893418/,https://img2.doubanio.com/view/subject/s/public/s33637491.jpg,The Ethical Algorithm,The Science of Socially Aware Algorithm Design,,10人,Michael Kearns、Aaron Roth / Oxford University Press / 2019-11,"Over the course of a generation, algorithms have gone from mathematical abstra... ",Michael Kearns&Aaron Roth,AI&算法&计算机&计算机科学&软件开发&英文&程序设计&教材,Oxford University Press
https://book.douban.com/subject/30364619/,https://img2.doubanio.com/view/subject/s/public/s33716693.jpg,python学习手册（原书第5版）, ,8.0,82人,马克·卢茨 / 秦鹤、林明 / 机械工业出版社 / 2018-10 / 219.00元,如果你想动手编写高效、高质量并且很容易与其他语言和工具集成的代码，本书将快速地帮助你利用Python提高效率。本书基于Python专家的流程培训课程编写，内... ,马克·卢茨,Python&python&编程&计算机&计算机科学&工具&算法&計算機,机械工业出版社
https://book.douban.com/subject/2338416/,https://img1.doubanio.com/view/subject/s/public/s24550057.jpg,数据结构与算法分析, ,,20人,Frank.M.Carrano / 金名 / 清华大学出版社 / 2007-11 / 98.00元,“数据结构”是计算机专业的基础与核心课程之一，Java是现今一种热门的语言。本书在编写过程中特别考虑到了面向对象程序设计（OOP）的思想与Java语言的特性... ,Frank.M.Carrano,数据结构&算法&java&计算机&编程&软件开发&设计&计算机技术,清华大学出版社
https://book.douban.com/subject/1971825/,https://img1.doubanio.com/view/subject/s/public/s2210957.jpg,数据结构与算法分析,C++描述(第三版),8.5,309人,[美]Mark Allen Weiss / 张怀勇 / 人民邮电出版社 / 2007-1 / 49.00元,《数据结构与算法分析:C++描述(第3版)》是数据结构和算法分析的经典教材，书中使用主流的程序设计语言C++作为具体的实现语言。书的内容包括表、栈、队列、树... ,Mark Allen Weiss,数据结构&算法&C++&数据结构与算法&计算机&编程&计算机科学&Algorithm,人民邮电出版社
https://book.douban.com/subject/2179488/,https://img1.doubanio.com/view/subject/s/public/s24964808.jpg,形式语言与自动机理论,形式语言与自动机理论,7.2,42人,蒋宗杞 / 清华大学出版社 / 2012-7 / 29.00元,"《普通高等教育""十一五""国家级规划教材•21世纪大学本科计算机专业系列教材:形式语言与自动机理论(第2版)》是作者结合其20余年来在大学讲授该门课程的经验和... ",蒋宗杞,计算机&计算机科学&编译原理&算法&CS&计算理论&教材,清华大学出版社
https://book.douban.com/subject/27084137/,https://img2.doubanio.com/view/subject/s/public/s29490111.jpg,Python与机器学习实战,决策树、集成学习、支持向量机与神经网络算法详解及编程实现,7.6,17人,何宇健 / 电子工业出版社 / 2017-7 / 69,Python与机器学习这一话题是如此的宽广，仅靠一本书自然不可能涵盖到方方面面，甚至即使出一个系列的书也难能做到这点。单就机器学习而言，其领域就包括但不限于... ,何宇健,机器学习&python&编程&AI&Python&计算机&人工智能&计算科学,电子工业出版社
https://book.douban.com/subject/4138920/,https://img1.doubanio.com/view/subject/s/public/s6092408.jpg,算法竞赛入门经典, ,8.8,476人,刘汝佳 / 清华大学出版社 / 2009-11 / 24.00元,《算法竞赛入门经典》是一本算法竞赛的入门教材，把C/C++语言、算法和解题有机地结合在了一起，淡化理论，注重学习方法和实践技巧。全书内容分为11章，包括程序... ,刘汝佳,算法&编程&计算机&ACM&程序设计&算法与数据结构&计算机科学&algorithm,清华大学出版社
https://book.douban.com/subject/26544405/,https://img9.doubanio.com/view/subject/s/public/s28228654.jpg,从算法到程序(第2版), ,暂无,少于10人,徐子珊 / 清华大学出版社 / 2015-6-1 / 69.50元,《从算法到程序（第2版）》第1章讨论算法设计、分析的基本概念。第2章讨论算法设计中最常用的几个数据结构，包括链表、栈、队列、二叉搜索树、散列表等。第3章讨论... ,徐子珊,计算机&编程&算法,清华大学出版社
https://book.douban.com/subject/1247360/,https://img1.doubanio.com/view/subject/s/public/s1264988.jpg,计算机程序设计艺术 第2卷 半数值算法（第3版）（英文影印版）, ,9.9,46人,（美）Donald E.Knuth / 清华大学出版社 / 2002-09-01 / 83.0,计算机程序设计艺术：英文版（第2卷 半数值算法），ISBN：9787302058151，作者：（美）Donald E. Knuth著 ,Donald E.Knuth,算法&计算机&计算机科学&Knuth&计算机程序设计艺术&经典&程序设计&algorithm,清华大学出版社
https://book.douban.com/subject/1247361/,https://img9.doubanio.com/view/subject/s/public/s10384105.jpg,计算机程序设计艺术(第3卷)-排序和查找(英文影印版),排序和查找,9.7,102人,（美）Donald E.Knuth / 清华大学出版社 / 2002-9 / 85.00元,《计算机程序设计艺术排序和查找(第3卷)(第2版)》内容简介：这是对第3卷的头一次修订，不仅是对经典计算机排序和查找技术的最全面介绍，而且还对第1卷中的数据... ,Donald E.Knuth,算法&计算机&Knuth&计算机科学&计算机程序设计艺术&经典&编程&algorithm,清华大学出版社
https://book.douban.com/subject/5377669/,https://img1.doubanio.com/view/subject/s/public/s4548758.jpg,数据挖掘导论, ,8.2,563人,Pang-Ning Tan、Michael Steinbach、Vipin Kumar / 范明、范宏建 / 人民邮电出版社 / 2010-12-10 / 69.00元,本书全面介绍了数据挖掘，涵盖了五个主题：数据、分类、关联分析、聚类和异常检测。除异常检测外，每个主题都有两章。前一章涵盖基本概念、代表性算法和评估技术，而后... ,Pang-Ning Tan&Michael Steinbach&Vipin Kumar,数据挖掘&数据分析&机器学习&计算机&Data-Mining&算法&计算机科学&统计,人民邮电出版社
https://book.douban.com/subject/35218199/,https://img9.doubanio.com/view/subject/s/public/s33732686.jpg,机器学习实战（原书第2版）,基于Scikit-Learn、Keras和TensorFlow,9.9,175人,[法] Aurélien Géron / 宋能辉、李娴 / 机械工业出版社 / 2020-10-1 / 149.00元,这本机器学习畅销书基于TensorFlow 2和Scikit-Learn的新版本进行了全面更新，通过具体的示例、非常少的理论和可用于生产环境的Python框... ,Aurélien Géron,机器学习&人工智能&深度学习&计算机&神经网络&计算机科学&编程&好书，值得一读,机械工业出版社
https://book.douban.com/subject/35192976/,https://img9.doubanio.com/view/subject/s/public/s33713404.jpg,阿里云天池大赛赛题解析——机器学习篇, ,6.5,26人,天池平台 / 电子工业出版社 / 2020-9 / 109.00元,《阿里云天池大赛赛题解析——机器学习篇》聚焦机器学习算法建模及相关技术，以工业蒸汽量预测、天猫用户重复购买预测、O2O优惠券预测和阿里云安全恶意程序检测等四... ,天池平台,机器学习&算法&计算机&深度学习&统计学&数学,电子工业出版社
https://book.douban.com/subject/30381202/,https://img9.doubanio.com/view/subject/s/public/s29925584.jpg,算法分析导论（第2版）, ,暂无,少于10人,【美】Robert Sedgewick、【法】Philippe Flajolet / 常青、左飞 / 电子工业出版社 / 2019-1 / 128,《算法分析导论（第2版）》全面介绍了算法的数学分析所涉及的主要技术。涵盖的内容来自经典的数学课题（包括离散数学、初等实分析、组合数学），以及经典的计算机科学... ,Robert Sedgewick&Philippe Flajolet,算法&数学&计算科学&计算机科学&algorithm&CS&编程&数据结构与算法,电子工业出版社
https://book.douban.com/subject/35217091/,https://img1.doubanio.com/view/subject/s/public/s33732097.jpg,数据分析之图算法：基于Spark和Neo4j, ,暂无,少于10人,[英] 马克·尼达姆（Mark Needham）、[美] 埃米·E. 霍德勒（Amy E. Hodler） / 唐富年 / 人民邮电出版社 / 2020-9-12 / 79,图分析可以揭示复杂系统和大规模网络的运作机制，图算法为构建智能应用程序提供了快速建模的框架，有助于更准确、更快速地做出预测。包括商品推荐和欺诈检测在内的许多... ,马克·尼达姆&埃米·E. 霍德勒,数据分析&算法&数据挖掘&计算机&经济学&复杂网络,人民邮电出版社
https://book.douban.com/subject/35472532/,https://img9.doubanio.com/view/subject/s/public/s33905705.jpg,漫画算法2：小灰的算法进阶, ,,11人,魏梦舒（@程序员小灰） / 电子工业出版社 / 2021-6 / 88,《漫画算法2：小灰的算法进阶》是《漫画算法：小灰的算法之旅》的续作，通过主人公小灰的心路历程，用漫画的形式讲述了多个数据结构、算法及复杂多变的算法面试题目。... ,魏梦舒,算法&编程&思维&Programming&计算机科学&可爱,电子工业出版社
https://book.douban.com/subject/30354581/,https://img2.doubanio.com/view/subject/s/public/s33518111.jpg,面向数据科学家的实用统计学, ,8.0,64人,[美] 彼得·布鲁斯、安德鲁·布鲁斯 / 盖磊 / 人民邮电出版社 / 2018-10-1 / 89.00元,本书解释了数据科学中至关重要的统计学概念，介绍如何将各种统计方法应用于数据科学。作者以易于理解、浏览和参考的方式，引出统计学中与数据科学相关的关键概念；解释... ,彼得·布鲁斯&安德鲁·布鲁斯,统计学&数据科学&数据分析&统计&R&图灵&算法&待读,人民邮电出版社
https://book.douban.com/subject/26351257/,https://img1.doubanio.com/view/subject/s/public/s28033547.jpg,算法的乐趣, ,7.7,119人,王晓华 / 人民邮电出版社 / 2015-4 / 79.00元,暂无,王晓华,算法&计算机&编程&计算机科学&程序员&程序设计&programming&混口饭吃,人民邮电出版社
https://book.douban.com/subject/35623081/,https://img2.doubanio.com/view/subject/s/public/s34041292.jpg,数据结构编程实验（第3版）,大学程序设计课程与竞赛训练教材,暂无,目前无人,吴永辉、王建德 / 机械工业出版社 / 2021-7-29 / 97.30元,本书针对大学程序设计竞赛和课程教学，基于数据结构的知识体系和循序渐进的原则组织内容，包括训练基本编程能力的实验、线性表的编程实验、树的编程实验和图的编程实验... ,吴永辉&王建德,计算机科学&算法&微信读书&2021,机械工业出版社
https://book.douban.com/subject/1740461/,https://img1.doubanio.com/view/subject/s/public/s1542749.jpg,图论导引,（原书第2版）,8.9,68人,韦斯特 / 机械工业出版社 / 2006-2 / 65.00元,图论起源于著名的哥尼斯堡七桥问题，在计算科学、社会科学和自然科学等各个领域都有广泛应用。本书是本科生或研究生一学期或两学期的图论课程教材。内容全面，证明与应... ,韦斯特,图论&数学&算法&计算机&离散数学&计算机科学&Math&Algorithm,机械工业出版社
https://book.douban.com/subject/1801392/,https://img9.doubanio.com/view/subject/s/public/s5741054.jpg,算法分析导论, ,8.0,16人,（美）Robert Sedgewick、（法）Philippe Flajolet / 冯舜玺、李学武、裴伟东、等其他 / 机械工业出版社 / 2006-4 / 38.00元,本书阐述了用于算法数学分析的主要方法，所涉及的材料来自经典数学课题，包括离散数学、初等实分析、组合数学，以及来自经典的计算机科学课题，包括算法和数据结构，本... ,Robert Sedgewick&Philippe Flajolet,算法&计算机科学&计算机&Algorithm&计算理论&数学,机械工业出版社
https://book.douban.com/subject/1893050/,https://img1.doubanio.com/view/subject/s/public/s5777677.jpg,信息论、推理与学习算法, ,8.9,61人,[英] David J.C. MacKay / 肖明波、席斌、许芳、王建新 / 高等教育出版社 / 2006-7 / 59.00元,本书是英国剑桥大学卡文迪许实验室的著名学者David J．C．MacKay博士总结多年教学经验和科研成果，于2003年推出的一部力作。本书作者不仅透彻地论述... ,David J.C. MacKay,信息论&机器学习&计算机&计算机科学&数学&统计学&数据挖掘&算法,高等教育出版社
https://book.douban.com/subject/3307202/,https://img9.doubanio.com/view/subject/s/public/s4093425.jpg,Artificial Intelligence,A Modern Approach,9.3,170人,Stuart Russell、Peter Norvig / Pearson / 2009-12-11 / USD 195.00,The long-anticipated revision of this #1 selling book offers the most comprehe... ,Stuart Russell&Peter Norvig,人工智能&AI&计算机&计算机科学&CS&机器学习&算法&智能,Pearson
https://book.douban.com/subject/26820808/,https://img9.doubanio.com/view/subject/s/public/s29735805.jpg,解析深度学习：语音识别实践, ,8.0,33人,俞栋、邓力 / 俞凯、钱彦旻 / 电子工业出版社 / 2016-6 / 79.00元,AlphaGo与李世石的围棋大战激发了人们对人工智能是非的诸多争论。人工智能背后的工作原理深度学习跳入大众的视野。AlphaGo的大获全胜一定程度展示了深度... ,俞栋&邓力,深度学习&人工智能&计算机&机器学习&2016&语音学&算法&计算科学,电子工业出版社
https://book.douban.com/subject/1856070/,https://img2.doubanio.com/view/subject/s/public/s4530403.jpg,Randomized Algorithms, ,8.8,42人,Rajeev Motwani、Prabhakar Raghavan / Cambridge University Press / 1995-8-25 / USD 94.99,"For many applications, a randomized algorithm is either the simplest or the fa... ",Rajeev Motwani&Prabhakar Raghavan,算法&计算机科学&algorithm&计算机&CS&概率&Mathematics&数学,Cambridge University Press
https://book.douban.com/subject/10465997/,https://img9.doubanio.com/view/subject/s/public/s7062026.jpg,计算机视觉,算法与应用,7.8,91人,Richard Szeliski / 艾海舟、兴军亮 / 清华大学出版社 / 2012-1 / 109.00元,《计算机视觉——算法与应用》探索了用于分析和解释图像的各种常用技术，描述了具有一定挑战性的视觉应用方面的成功实例，兼顾专业的医学成像和图像编辑与交织之类有趣... ,Richard Szeliski,计算机视觉&数字图像处理&人工智能&计算机&计算机科学&算法&编程,清华大学出版社
https://book.douban.com/subject/10551502/,https://img3.doubanio.com/view/subject/s/public/s29624980.jpg,How to Solve It,Modern Heuristics,暂无,少于10人,Zbigniew Michalewicz、David B. Fogel / Springer Berlin Heidelberg / 2010-12-1 / GBP 39.99,"This book is the only source that provides comprehensive, current, and correct... ",Zbigniew Michalewicz&David B. Fogel,算法&方法论&计算机科学&计算机&计算&数学&技术&思维,Springer Berlin Heidelberg
https://book.douban.com/subject/2024655/,https://img1.doubanio.com/view/subject/s/public/s2332049.jpg,数据结构, ,7.0,1355人,严蔚敏、吴伟民 / 清华大学出版社 / 2007-3-1 / 30.0,暂无,严蔚敏&吴伟民,数据结构&计算机&算法&教材&编程&计算机科学&C,清华大学出版社
https://book.douban.com/subject/35044046/,https://img1.doubanio.com/view/subject/s/public/s33631858.jpg,神经网络与深度学习, ,9.4,368人,邱锡鹏 / 机械工业出版社 / 2020-4-10 / 149.00元,本书主要介绍神经网络与深度学习中的基础知识、主要模型（卷积神经网络、递归神经网络等）以及在计算机视觉、自然语言处理等领域的应用。 ,邱锡鹏,深度学习&神经网络&机器学习&人工智能&计算机&计算机科学&自然语言处理&ML,机械工业出版社
https://book.douban.com/subject/30131926/,https://img1.doubanio.com/view/subject/s/public/s29679128.jpg,Automating Inequality,"How High-Tech Tools Profile, Police, and Punish the Poor",6.5,19人,Virginia Eubanks / St. Martin's Press / 2018-1-23 / USD 17.70,A powerful investigative look at data-based discrimination―and how technology ... ,Virginia Eubanks,算法&社會學&社会&美国&社科&STS&非虚构&美國,St. Martin&#39;s Press
https://book.douban.com/subject/30379248/,https://img9.doubanio.com/view/subject/s/public/s30024754.jpg,数据结构与算法经典问题解析（原书第2版）, ,暂无,少于10人,纳拉辛哈·卡鲁曼希（Narasimha Karumanchi） / 沈华、李兵兵、杜江毅、张明武 / 机械工业出版社 / 2018-11-10 / 79,本书以简明易懂的方式介绍了数据结构与算法的基本知识，内容全面、系统。描述方式基于C/C++语言，对数据结构中容易混淆的问题进行了透彻的阐述，对每一个问题均给... ,纳拉辛哈·卡鲁曼希,数据结构&编程&算法&programming&英文原版,机械工业出版社
https://book.douban.com/subject/1445082/,https://img9.doubanio.com/view/subject/s/public/s10469786.jpg,离散数学, ,8.8,26人,约翰巴夫 / 电子工业出版社 / 2005-10 / 66.00元,离散数学是现代数学的一个重要分支和计算机科学基础理论的核心课程，它充分描述了计算机科学离散性的特点，是随着计算机科学的发展而逐步建立起来的新型基础性学科。本... ,约翰巴夫,数学&离散数学&计算机科学&计算机&Math&课本&编程&算法,电子工业出版社
https://book.douban.com/subject/30351067/,https://img2.doubanio.com/view/subject/s/public/s29894971.jpg,数据结构与算法Java语言描述, ,暂无,少于10人,(美)艾伦 / 李新叶、李楠楠 / 中国电力 / 2018-08-01 / 38.0,暂无,艾伦,想读的书&算法&数据结构&Java,中国电力
https://book.douban.com/subject/7006719/,https://img3.doubanio.com/view/subject/s/public/s28631260.jpg,这就是搜索引擎,核心技术详解,8.0,563人,张俊林 / 电子工业出版社 / 2012-1-1 / 45.00元,搜索引擎作为互联网发展中至关重要的一种应用，已经成为互联网各个领域的制高点，其重要性不言而喻。搜索引擎领域也是互联网应用中不多见的以核心技术作为其命脉的领域... ,张俊林,搜索引擎&信息检索&互联网&搜索&数据挖掘&算法&计算机&机器学习,电子工业出版社
https://book.douban.com/subject/34478302/,https://img1.doubanio.com/view/subject/s/public/s33324937.jpg,强化学习：原理与Python实现, ,8.5,69人,肖智清 / 机械工业出版社 / 2019-7-21 / 89,本书理论完备，涵盖主流经典强化学习算法和深度强化学习算法；实战性强，基于Python、Gym、TensorFlow 2、AlphaZero等构建，配套代码与... ,肖智清,python&机器学习&计算机&learning&算法&数据科学&科技,机械工业出版社
https://book.douban.com/subject/4175538/,https://img2.doubanio.com/view/subject/s/public/s6104912.jpg,Flash ActionScript 3.0 动画高级教程, ,9.1,90人,Keith Peters / 苏金国、荆涛 / 人民邮电出版社 / 2010-1 / 65.00元,《Flash ActionScript 3.0 动画高级教程》是介绍Flash 10 ActionScript动画高级技术的经典之作，是作者在这一领域中多年... ,Keith Peters,flash&动画&编程&游戏&算法&计算机&技术,人民邮电出版社
https://book.douban.com/subject/26818024/,https://img2.doubanio.com/view/subject/s/public/s29779643.jpg,大数据架构商业之路,从业务需求到技术方案,7.9,88人,黄申 / 机械工业出版社 / 2016-5-1 / 69.00元,目前大数据技术已经日趋成熟，但是业界发现与大数据相关的产品设计和研发仍然非常困难，技术、产品和商业的结合度还远远不够。这主要是因为大数据涉及范围广、技术含量... ,黄申,大数据&架构&数据分析&商业&系统架构&人工智能&算法&hadoop,机械工业出版社
https://book.douban.com/subject/24529132/,https://img2.doubanio.com/view/subject/s/public/s27271263.jpg,改变未来的九大算法, ,7.8,386人,[美] 约翰.麦考密克 / 管策 / 中信出版社 / 2013-6 / 39.00元,暂无,约翰.麦考密克,算法&计算机&科普&计算机科学&编程&互联网&程序设计&Programming,中信出版社
https://book.douban.com/subject/1786066/,https://img2.doubanio.com/view/subject/s/public/s1657412.jpg,Trading and Exchanges,Market Microstructure for Practitioners,9.2,65人,"Larry Harris / Oxford University Press, USA / 2002-10-24 / USD 95.00"," This book is about trading, the people who trade securities and contracts, th... ",Larry Harris,金融&交易&投资&trading&finance&investment&经济学&经济,"Oxford University Press, USA"
https://book.douban.com/subject/26713328/,https://img1.doubanio.com/view/subject/s/public/s29157269.jpg,数据结构（C语言版 第2版）, ,6.6,50人,严蔚敏 / 人民邮电出版社 / 2015-2-1 / 35.00元,《数据结构（C语言版 第2版）/21世纪高等学校计算机规划教材》在选材与编排上，贴近当前普通高等院校“数据结构”课程的现状和发展趋势，符合最新研究生考试大纲... ,严蔚敏,数据结构&计算机&教材&数据结构与算法&C/C++&算法&考研&CS,人民邮电出版社
https://book.douban.com/subject/35046440/,https://img2.doubanio.com/view/subject/s/public/s33636041.jpg,Artificial Intelligence,"A Modern Approach , 4th Edition",暂无,少于10人,Stuart Russell、Peter Norvig / Pearson / 2020-5-8 / USD 199.99,"The most comprehensive, up-to-date introduction to the theory and practice of ... ",Stuart Russell&Peter Norvig,人工智能&AI&计算机科学&2020&计算机&英文原版&教材&美国,Pearson
https://book.douban.com/subject/35691026/,https://img9.doubanio.com/view/subject/s/public/s34062476.jpg,数据结构和算法基础（Java语言实现）, ,暂无,少于10人,柳伟卫 / 北京大学出版社 / 2021-11 / 119,随着云计算、大数据、人工智能、虚拟现实等应用的兴起，企业对于开发人员的算法要求也越来越高。本书全面讲解了在编程中涉及到的常用的数据结构及算法，同时，辅以大量... ,柳伟卫,算法&数据结构&Java,北京大学出版社
https://book.douban.com/subject/34802387/,https://img1.doubanio.com/view/subject/s/public/s33523719.jpg,递归论,算法与随机性基础,暂无,少于10人,郝兆宽 / 复旦大学出版社 / 2018-10-1,本书是“逻辑与形而上学教科书系列”中的一本。递归论是数理逻辑的主要分支之一。本书介绍了递归论的基础知识，以及某些有影响的问题与经典构造。本书共分5章。第一章... ,郝兆宽,数理逻辑&数学&哲学&科普&随机性&算法&科学&方法论,复旦大学出版社
https://book.douban.com/subject/5286107/,https://img1.doubanio.com/view/subject/s/public/s4489657.jpg,数据挖掘导论,（英文版）,9.0,60人,(美)Pang-Ning Tan、Michael Steinbach、Vipin Kumar / 机械工业出版社 / 2010-9 / 59.00元,暂无,Pang-Ning Tan&Michael Steinbach&Vipin Kumar,数据挖掘&机器学习&算法&Data-Mining&计算机科学&计算机&人工智能,机械工业出版社
https://book.douban.com/subject/3056375/,https://img3.doubanio.com/view/subject/s/public/s5891850.jpg,集体智慧编程, ,8.9,119人,西格兰 / 东南大学出版社 / 2008-3-1 / 58.00元,想要探寻搜索排名、产品推荐、社会化书签和在线匹配背后的力量吗？这本颇具魅力的书籍向你展现如何创建Web 2.0应用程序，从参与性？Internet应用程序产... ,西格兰,机器学习&数据挖掘&算法&人工智能&计算机&web2.0&python&统计学,东南大学出版社
https://book.douban.com/subject/3648696/,https://img9.doubanio.com/view/subject/s/public/s4361425.jpg,Beautiful Data,The Stories Behind Elegant Data Solutions,8.1,64人,Toby Segaran、Jeff Hammerbacher / O'Reilly Media / 2009-7-31 / USD 44.99,"In this insightful book, you'll learn from the best data practitioners in the ... ",Toby Segaran&Jeff Hammerbacher,数据挖掘&数据分析&visualization&O&#39;Reilly&数据处理&人工智能&数据&计算机科学,O'Reilly Media
https://book.douban.com/subject/1237247/,https://img1.doubanio.com/view/subject/s/public/s6818247.jpg,遗传算法原理及应用, ,8.8,20人,周明、孙树栋 / 国防工业出版社 / 1999-6 / 18.0,暂无,周明&孙树栋,计算机&编程&算法&优化&计算机科学&algorithm&programming,国防工业出版社
https://book.douban.com/subject/21519616/,https://img3.doubanio.com/view/subject/s/public/s25802180.jpg,数据结构与算法分析,Java语言描述（英文版·第3版）,暂无,少于10人,韦斯 (Mark Allen Weiss) / 机械工业出版社 / 2013-2-1 / 79.00元,暂无,韦斯,数据结构&算法&程序设计&java&计算机&Java&编程,机械工业出版社
https://book.douban.com/subject/20421419/,https://img2.doubanio.com/view/subject/s/public/s24978283.jpg,Algorithms Unlocked, ,8.8,39人,Thomas H. Cormen / The MIT Press / 2013-3-1 / USD 25.00,Have you ever wondered how your GPS can find the fastest way to your destinati... ,Thomas H. Cormen,算法&Algorithms&计算机科学&Algorithm&计算机&编程&CS&2013,The MIT Press
https://book.douban.com/subject/33408772/,https://img1.doubanio.com/view/subject/s/public/s32291097.jpg,Python 3破冰人工智能 从入门到实战,3破冰人工智能,9.3,57人,黄海涛 / 人民邮电出版社 / 59元,暂无,黄海涛,人工智能&python&数学建模&算法&机器学习&编程&计算机&Python,人民邮电出版社
https://book.douban.com/subject/5290339/,https://img2.doubanio.com/view/subject/s/public/s4483683.jpg,Pearls of Functional Algorithm Design, ,9.2,28人,Richard Bird / Cambridge University Press / 2010-11-1 / USD 68.00,"Richard Bird takes a radically new approach to algorithm design, namely, desig... ",Richard Bird,算法&函数式编程&FP&计算机科学&Haskell&编程&Programming&Algorithm,Cambridge University Press
https://book.douban.com/subject/35567879/,https://img9.doubanio.com/view/subject/s/public/s33972876.jpg,算法漫步 乐在其中的计算思维,乐在其中的计算思维,暂无,少于10人,陈道蓄 李晓明 / 机械工业出版社 / 79.00元,暂无,陈道蓄 李晓明,编程&算法&数据分析,机械工业出版社
https://book.douban.com/subject/26434314/,https://img9.doubanio.com/view/subject/s/public/s28119074.jpg,算法分析导论（第2版）（英文版）, ,暂无,少于10人,[美]Robert Sedgewick（罗伯特•塞奇威克）、[美]Philippe Flajolet（菲利普•弗拉若莱） / 电子工业出版社 / 2015-6 / 128.00元,《算法分析导论（第2版）（英文版）》全面介绍了算法的数学分析中所涉及的主要技术。涵盖的内容来自经典的数学课题（包括离散数学、初等实分析、组合数学），以及经典... ,Robert Sedgewick&Philippe Flajolet,算法&计算机科学&数学&计算机技术&计算机&計算機,电子工业出版社
https://book.douban.com/subject/25842521/,https://img1.doubanio.com/view/subject/s/public/s27234177.jpg,How Not to Be Wrong,The Power of Mathematical Thinking,8.4,117人,Jordan Ellenberg / Penguin Press / 2014-5-29 / USD 27.95,The Freakonomics of math—a math-world superstar unveils the hidden beauty and ... ,Jordan Ellenberg,数学&思维&科普&英文原版&方法论&Mathematics&思维方式&英文版,Penguin Press
https://book.douban.com/subject/34969790/,https://img2.doubanio.com/view/subject/s/public/s33575642.jpg,斯坦福算法博弈论二十讲, ,,11人,[美]蒂姆·拉夫加登（Tim Roughgarden） / 郝东、李斌、刘凡 / 机械工业出版社 / 2020-1-2 / 99元,计算机科学和经济学在过去的十多年中进行了热烈的交互，产生了新的算法博弈论领域。许多现代计算机科学的核心问题，从大型网络的资源分配到在线广告，都涉及多个自利方... ,蒂姆·拉夫加登,博弈论&算法&计算机&经济学&数学&计算机科学&工程,机械工业出版社
https://book.douban.com/subject/30286297/,https://img9.doubanio.com/view/subject/s/public/s33921195.jpg,推荐系统：原理与实践, ,暂无,少于10人,Charu C. Aggarwal / 机械工业出版社 / 2018-7-24 / CNY 129.00,暂无,Charu C. Aggarwal,推荐系统&机器学习&计算机科学&算法&互联网&有电子版&【已购】,机械工业出版社
https://book.douban.com/subject/35057435/,https://img3.doubanio.com/view/subject/s/public/s33637760.jpg,Too Smart,"How Digital Capitalism is Extracting Data, Controlling Our Lives, and Taking Over the World",暂无,少于10人,Jathan Sadowski / MIT Press / 2020-3,Who benefits from smart technology? Whose interests are served when we trade o... ,Jathan Sadowski,社科&社会学&大数据&STS&算法&Sociology&Business,MIT Press
https://book.douban.com/subject/34923812/,https://img9.doubanio.com/view/subject/s/public/s33564324.jpg,图解LeetCode初级算法（Python版）, ,5.8,12人,清华大学出版社 / 2019-11-1 / 49.00元,暂无,清华大学出版社,算法&Python&akb&CS&计算机&工作&m,清华大学出版社
https://book.douban.com/subject/26797864/,https://img1.doubanio.com/view/subject/s/public/s28952268.jpg,Computer Age Statistical Inference,"Algorithms, Evidence, and Data Science",9.2,33人,Bradley Efron、Trevor Hastie / Cambridge University Press / 2016-7-21 / USD 74.99,The twenty-first century has seen a breathtaking expansion of statistical meth... ,Bradley Efron&Trevor Hastie,统计学&统计&数据科学&计算机&statistics&Statistics&算法&数学,Cambridge University Press
https://book.douban.com/subject/35264809/,https://img2.doubanio.com/view/subject/s/public/s33936961.jpg,对不起，我操控了你的大脑, ,7.8,95人,[加]克里斯托弗·怀利（Christopher Wylie） / 吴晓真 / 民主与建设出版社 / 2021-7 / 58,2018年3月，脸书(Facebook)被曝出泄露数据丑闻，一家在2016年帮助特朗普赢得美国总统大选的数据公司曾违规获取8700万脸书用户的信息。网络上发... ,克里斯托弗·怀利,大数据&互联网&心理学&思维&网络生活&社科&科普&纪实文学,民主与建设出版社
https://book.douban.com/subject/1909548/,https://img1.doubanio.com/view/subject/s/public/s5749168.jpg,算法：C语言实现,第1～4部分：基础知识、数据结构、排序及搜索,8.7,27人,塞奇威克 / 机械工业出版社 / 2006-9 / 69.00元,本书是Sedgewick彻底修订和重写的C算法系列的第一本。全书分为四部分，共16章，第一部分“基础知识”（第1-2章）介绍基本算法分析原理。第二部分“数据... ,塞奇威克,算法&计算机&c语言&algorithm&数据结构&计算机科学&算法与数据结构&编程,机械工业出版社
https://book.douban.com/subject/30217266/,https://img2.doubanio.com/view/subject/s/public/s32332172.jpg,精通数据科学：从线性回归到深度学习, ,7.2,119人,唐亘 / 人民邮电出版社 / 2018-5-8 / 99.00元,暂无,唐亘,数据科学&机器学习&Python&数据分析&人工智能&算法&深度学习&AI,人民邮电出版社
https://book.douban.com/subject/1240983/,https://img9.doubanio.com/view/subject/s/public/s1919754.jpg,生物信息学中的计算机技术, ,7.3,15人,Per Jambeck / 中国电力出版社 / 2002-7 / 49.00元,《生物信息学中的计算机技术》以一种清晰、活泼的方式，全面介绍了生物信息学领域中最重要的一些主题。《生物信息学中的计算机技术》介绍并解释了在生物信息学研究中用... ,Per Jambeck,计算机&科技&programming&算法&生物&编程,中国电力出版社
https://book.douban.com/subject/35481910/,https://img9.doubanio.com/view/subject/s/public/s33913645.jpg,Introduction to Computational Origami, ,暂无,少于10人,Ryuhei Uehara / Springer Singapore / 2020,This book focuses on origami from the point of view of computer science. Rangi... ,Ryuhei Uehara,算法&数学,Springer Singapore
https://book.douban.com/subject/2130743/,https://img1.doubanio.com/view/subject/s/public/s10355117.jpg,离散数学及其应用（原书第5版）, ,9.1,664人,[美] Kenneth H. Rosen / 袁崇义 / 机械工业出版社 / 2007-6 / 79.00元,《离散数学及其应用》(原书第5版)全面而系统地介绍了离散数学的理论和方法，内容涉及数学推广、组合分析、离散结构和算法设计。全书取材广泛，除包括定义、定理的严... ,Kenneth H. Rosen,离散数学&数学&计算机科学&计算机&经典&教材&科普&算法,机械工业出版社
https://book.douban.com/subject/26832701/,https://img9.doubanio.com/view/subject/s/public/s28878966.jpg,白话大数据与机器学习, ,7.3,259人,高扬、卫峥、尹会生 / 机械工业出版社 / 2016-6 / 69,本书通俗易懂，有高中数学基础即可看懂，同时结合大量案例与漫画，将高度抽象的数学、算法与应用，与现实生活中的案例和事件一一做了关联，将源自生活的抽象还原出来，... ,高扬&卫峥&尹会生,大数据&机器学习&数据分析&人工智能&计算机&互联网&科普&AI,机械工业出版社
https://book.douban.com/subject/26366784/,https://img9.doubanio.com/view/subject/s/public/s28284924.jpg,Grokking Algorithms,An illustrated guide for programmers and other curious people,9.0,140人,Aditya Bhargava / Manning Publications / 2015-12-31 / USD 44.99,"Grokking Algorithms is a fully illustrated, friendly guide that teaches you ho... ",Aditya Bhargava,算法&Algorithm&计算机&编程&Programming&计算机科学&CS,Manning Publications
https://book.douban.com/subject/34965827/,https://img2.doubanio.com/view/subject/s/public/s33574251.jpg,智能风控：原理 算法与工程实践,算法与工程实践,6.8,59人,梅子行 / 机械工业出版社 / 2020-1-1 / 89元,暂无,梅子行,金融&机器学习&算法&计算机&工作&AI&实用&有趣,机械工业出版社
https://book.douban.com/subject/22925199/,https://img9.doubanio.com/view/subject/s/public/s27119476.jpg,Introduction to Computation and Programming Using Python,Revised and expanded edition,8.5,36人,John V. Guttag / The MIT Press / 2013-7 / USD 25.00,This book introduces students with little or no prior programming experience t... ,John V. Guttag,Python&计算机&CS&编程&计算机科学&programming&算法&英文版,The MIT Press
https://book.douban.com/subject/3893574/,https://img9.doubanio.com/view/subject/s/public/s6052714.jpg,计算几何,算法与应用,8.9,51人,邓俊辉 / 清华大学出版社 / 2009-6 / 49.00元,《计算几何:算法与应用(第3版)》的前4章对几何算法进行了讨论，包括几何求交、三角剖分、线性规划等，其中涉及的随机算法也是《计算几何:算法与应用(第3版)》... ,邓俊辉,算法&数学&计算机&计算机科学&编程&Algorithms&计算机图形学,清华大学出版社
https://book.douban.com/subject/4813663/,https://img2.doubanio.com/view/subject/s/public/s26380893.jpg,Approximation Algorithms, ,9.2,24人,Vijay V. Vazirani / Springer / 2010-12-1 / USD 54.95,"Covering the basic techniques used in the latest research work, the author con... ",Vijay V. Vazirani,算法&Programming&计算机科学&计算机技术&计算机&数学&编程,Springer
https://book.douban.com/subject/35019100/,https://img9.doubanio.com/view/subject/s/public/s33623894.jpg,漫画算法：小灰的算法之旅（Python篇）, ,9.5,12人,魏梦舒 / 电子工业出版社 / 2020-4 / 79.00元,《漫画算法》通过虚拟的主人公小灰的心路历程，用漫画的形式讲述了算法和数据结构的基础知识、复杂多变的算法面试题目及算法的实际应用场景。第1章介绍了算法和数据结... ,魏梦舒,算法&Python&数据结构与算法&数据结构&计算机&编程&思维&可爱,电子工业出版社
https://book.douban.com/subject/26358543/,https://img9.doubanio.com/view/subject/s/public/s28040694.jpg,Beautiful Data,A History of Vision and Reason since 1945,暂无,少于10人,Orit Halpern / Duke University Press Books / 2015-1-9 / USD 27.95,"Beautiful Data is both a history of big data and interactivity, and a sophisti... ",Orit Halpern,STS&科学史&Design&量化&美国&算法&理论,Duke University Press Books
https://book.douban.com/subject/19952187/,https://img3.doubanio.com/view/subject/s/public/s22783220.jpg,算法设计、分析与实现,C、C++和Java,暂无,少于10人,徐子珊 / 2012-10 / 65.00元,《算法设计、分析与实现：c、c++和java》由徐子珊编著，第1章～第6章按算法设计技巧分成渐增型算法、分治算法、动态规划算法、贪婪算法、回溯算法和图的搜索... ,徐子珊,算法&计算机&编程, 
https://book.douban.com/subject/1770852/,https://img1.doubanio.com/view/subject/s/public/s6420167.jpg,An Introduction to Bioinformatics Algorithms,Introduction To Bioinformatics Algorithms,8.3,30人,Neil C. Jones、Pavel A. Pevzner / The MIT Press / 2004-8-6 / USD 71.00,This introductory text offers a clear exposition of the algorithmic principles... ,Neil C. Jones&Pavel A. Pevzner,算法&计算机&编程&生物&教材&英文原版&计算机科学,The MIT Press
https://book.douban.com/subject/27662566/,https://img9.doubanio.com/view/subject/s/public/s32290356.jpg,The Age of Surveillance Capitalism, ,7.0,21人,PublicAffairs / 2019-1-15 / USD 38.00,暂无,PublicAffairs,资本主义&社会&人文社科&算法&人类学,PublicAffairs
https://book.douban.com/subject/25945449/,https://img1.doubanio.com/view/subject/s/public/s27371758.jpg,数据结构与算法JavaScript描述, ,6.6,155人,[美] Michael McMillan / 王群锋、杜　欢 / 人民邮电出版社 / 2014-8 / 49.00元,通过本书的学习，读者将能自如地选择最合适的数据结构与算法，并在JavaScript开发中懂得权衡使用。此外，本书也概述了与数据结构与算法相关的JavaScr... ,Michael McMillan,JavaScript&算法&数据结构&Web前端&前端&编程&javascript&计算机,人民邮电出版社
https://book.douban.com/subject/35648876/,https://img3.doubanio.com/f/shire/5522dd1f5b742d1e1394a17f44d590646b63871d/pics/book-default-lpic.gif,智能传播：理论、应用与治理, ,暂无,少于10人,,本书是一部有关智能传播的体系性论文集全书分五个部分：    一、“智能传播学术地图”：讨论国际、国内关于智能运用于传播的范围，现状、研究热点与趋势；    ... ,,算法&传播, 
https://book.douban.com/subject/27094382/,https://img9.doubanio.com/view/subject/s/public/s29500475.jpg,"首批""国家精品课程""教材·清华大学计算机系列教材",程序设计基础,暂无,少于10人,吴文虎、徐明星、邬晓钧 / 清华大学出版社 / 2017-2-1 / CNY 39.00,暂无,吴文虎&徐明星&邬晓钧,算法&编程&T,清华大学出版社
https://book.douban.com/subject/1231933/,https://img9.doubanio.com/view/subject/s/public/s9055036.jpg,计算机程序设计艺术（第1卷）,基本算法,9.5,178人,[美] 唐纳德·E. 克努特 / 苏运霖 / 国防工业出版社 / 2002-9 / 98.00元,7卷本《计算机程序设计艺术》的第1卷以基本的程序设计概念和技术开始，然后专注于信息结构——计算机内部信息的表示、数据元素之间的结构关系以及如何有效地处理它们... ,唐纳德·E. 克努特,算法&程序设计&计算机&计算机科学&编程&经典&Knuth&Algorithm,国防工业出版社
https://book.douban.com/subject/21329264/,https://img2.doubanio.com/view/subject/s/public/s25801342.jpg,谁是谷歌想要的人才,破解世界最顶尖公司的面试密码,7.1,479人,[美]威廉•庞德斯通 / 闾佳 / 浙江人民出版社 / 2013-2-23 / 49.90元,暂无,威廉•庞德斯通,思维&面试&逻辑&职场&互联网&计算机&算法,浙江人民出版社
https://book.douban.com/subject/26702568/,https://img2.doubanio.com/view/subject/s/public/s28388882.jpg,数据结构与算法,Python语言描述,7.6,120人,裘宗燕 / 机械工业出版社 / 2016-1 / CNY 45.00,本书基于Python语言介绍了数据结构与算法的基本知识，主要内容包括抽象数据类型和Python面向对象程序设计、线性表、字符串、栈和队列、二叉树和树、集合、... ,裘宗燕,数据结构&python&算法&Python&算法与数据结构&计算机&编程&计算机科学,机械工业出版社
https://book.douban.com/subject/34429813/,https://img2.doubanio.com/view/subject/s/public/s33296273.jpg,Python算法详解, ,暂无,少于10人,张玲玲 / 人民邮电出版社 / 2019-6 / 69.00,内 容 提 要 本书循序渐进、由浅入深地讲解Python算法的核心技术，并通过具体实例的实现过程演练各个知识点的具体使用流程。全书共13章，包括算法，数据结... ,张玲玲,Python&编程&计算机&算法,人民邮电出版社
https://book.douban.com/subject/27123062/,https://img1.doubanio.com/view/subject/s/public/s29561947.jpg,算法技术手册(原书第2版), ,7.6,13人,George T. Heineman、Gary Pollice、Stanley Selkow / 杨晨、曹如进 / 机械工业出版社 / 2017-8-1 / 89.00元,本书使用实际代码而非伪代码来描述算法，并以经验主导支撑数学分析，侧重于应用且规范严谨。本书提供了用多种程序设计语言实现的文档化的实际代码解决方案，还介绍了近... ,George T. Heineman&Gary Pollice&Stanley Selkow,算法&数据结构与算法&计算机&数据结构,机械工业出版社
https://book.douban.com/subject/2157943/,https://img1.doubanio.com/view/subject/s/public/s33978049.jpg,Introduction to Linear Optimization, ,9.1,87人,Dimitris Bertsimas、John N. Tsitsiklis / Athena Scientific / 1997-02-01 / USD 89.00,"This book provides a unified, insightful, and modern treatment of linear optim... ",Dimitris Bertsimas&John N. Tsitsiklis,数学&Optimization&运筹学&优化&最优化&算法&Programming&计算机,Athena Scientific
https://book.douban.com/subject/26983800/,https://img9.doubanio.com/view/subject/s/public/s29368414.jpg,What Algorithms Want,Imagination in the Age of Computing,暂无,少于10人,Ed Finn / Brilliance Audio / 2017-3-28 / USD 24.99,暂无,Ed Finn,算法&社会学&哲学&技术哲学,Brilliance Audio
https://book.douban.com/subject/34452973/,https://img3.doubanio.com/view/subject/s/public/s33314210.jpg,计算机程序设计艺术·卷4A,组合算法,暂无,少于10人,高德纳（Donald E. Knuth） / 李伯民、贾洪峰 / 人民邮电出版社 / 2019-7-8 / 228.00元,《计算机程序设计艺术》系列被公认为计算机科学领域的权威之作，深入阐述了程序设计理论，对计算机领域的发展有着极为深远的影响。本书是该系列的第4卷A，书中主要介... ,高德纳,计算机&编程&计算机科学&经典&算法&程序设计&数学文化&数学,人民邮电出版社
https://book.douban.com/subject/3007868/,https://img1.doubanio.com/view/subject/s/public/s5857438.jpg,算法演化论, ,暂无,少于10人,王能超 / 高等教育 / 2008-1 / 36.00元,《算法演化论》旨在阐发数值算法的演化机制，其内容分数值算法设计、二分演化技术与Walsh演化分析三卷逐步深入。全书分为上、中、下三卷。 上卷探究数值算法的统... ,王能超,数学&算法&复杂系统&哲学&专著,高等教育
https://book.douban.com/subject/24773502/,https://img2.doubanio.com/view/subject/s/public/s28786213.jpg,Data Structures &amp; Algorithms in Java, ,9.5,23人,Michael T. Goodrich、Roberto Tamassia、Michael H. Goldwasser / Wiley / 2014 / USD 167.95,The design and analysis of efficient data structures has long been recognized ... ,Michael T. Goodrich&Roberto Tamassia&Michael H. Goldwasser,数据结构&算法&Java&计算机&Programming&CS&美國&编程,Wiley
https://book.douban.com/subject/30243136/,https://img1.doubanio.com/view/subject/s/public/s29841559.jpg,美团机器学习实践, ,8.3,193人,美团算法团队 / 人民邮电出版社 / 2018-8-1 / 79.00元,人工智能技术正以一种超快的速度深刻地改变着我们的生活，引导了第四次工业革命。美团作为国内O2O领域领 先的服务平台，结合自身的业务场景和数据，积极进行了人工... ,美团算法团队,机器学习&AI&深度学习&计算机&算法&计算机科学&编程&计算科学,人民邮电出版社
https://book.douban.com/subject/27176836/,https://img3.doubanio.com/view/subject/s/public/s29585300.jpg,Algorithms Illuminated,Part 1: The Basics,9.4,18人,Tim Roughgarden / Soundlikeyourself Publishing / 2017-9-27 / USD 17.99,Algorithms are the heart and soul of computer science. Their applications rang... ,Tim Roughgarden,算法&Algorithm&计算机科学&计算机&CS&英文原版&美國&2017,Soundlikeyourself Publishing
https://book.douban.com/subject/30360968/,https://img9.doubanio.com/view/subject/s/public/s32282155.jpg,分布式机器学习：算法、理论与实践, ,8.6,116人,刘铁岩、陈薇、王太峰、高飞 / 机械工业出版社 / 2018-10-20 / 89.00,人工智能和大数据时代，解决最有挑战性问题的主流方案是分布式机器学习！本书旨在全面介绍分布式机器学习的现状，深入分析其中的核心技术问题，并且讨论该领域未来的发... ,刘铁岩&陈薇&王太峰&高飞,机器学习&分布式&人工智能&计算机&AI&计算机科学&算法&MachineLearning,机械工业出版社
https://book.douban.com/subject/35397783/,https://img1.doubanio.com/view/subject/s/public/s33850858.jpg,可解释机器学习：黑盒模型可解释性理解指南, ,暂无,少于10人,【德】 Christoph Molnar / 朱明超 / 电子工业出版社 / 2021-2 / 99,机器学习虽然对改进产品性能和推进研究有很大的潜力，但无法对它们的预测做出解释，这是当前面临的一大障碍。本书是一本关于使机器学习模型及其决策具有可解释性的书。... ,Christoph Molnar,机器学习&算法&代码&learning&2021&计算机&统计学&人工智能,电子工业出版社
https://book.douban.com/subject/1141134/,https://img1.doubanio.com/view/subject/s/public/s11157719.jpg,数字信号处理,理论、算法与实现,8.7,30人,胡广书 / 清华大学出版社 / 2003-8 / 49.80元,《北京高等教育精品教材•清华大学电子与信息技术系列教材:数字信号处理:理论、算法与实现(第2版)》系统地介绍了数字信号处理的理论、相应的算法及这些算法的软件... ,胡广书,信号处理&课本&Statistics&算法&专业课,清华大学出版社
https://book.douban.com/subject/26821357/,https://img9.doubanio.com/view/subject/s/public/s28830934.jpg,垃圾回收的算法与实现, ,8.2,160人,中村成洋、相川光 / 丁灵 / 人民邮电出版社 / 2016-7-1 / 99.00元,暂无,中村成洋&相川光,算法&JVM&计算机&计算机科学&编译原理&性能&编程&程序设计,人民邮电出版社
https://book.douban.com/subject/3099540/,https://img2.doubanio.com/view/subject/s/public/s5902632.jpg,数论概论, ,9.3,130人,希尔弗曼 / 孙智伟 / 机械工业出版社 / 2008-5 / 42.00元,《数论概论(原书第3版)》讲述了有关数论大量有趣的知识，以及数论的一般方法和应用，循序渐进地启发读者用数学方法思考问题，此外还介绍了目前数论研究的某些前沿课... ,希尔弗曼,数学&数论&算法&计算机&math&编程,机械工业出版社
https://book.douban.com/subject/27011935/,https://img2.doubanio.com/view/subject/s/public/s29417641.jpg,Sensemaking,The Power of the Humanities in the Age of the Algorithm,7.6,22人,Christian Madsbjerg / Hachette Books / 2017-3-21 / USD 28.00,"Based on his work at some of the world's largest companies, including Ford, Ad... ",Christian Madsbjerg,思维&计算机&社会学&心理学&人文&思想&英文原版&万维钢,Hachette Books
https://book.douban.com/subject/1110934/,https://img9.doubanio.com/view/subject/s/public/s1092076.jpg,STL源码剖析, ,8.7,1439人,侯捷 / 华中科技大学出版社 / 2002-6 / 68.00元,暂无,侯捷,C++&STL&编程&C/C++&数据结构&侯捷&算法&计算机,华中科技大学出版社
https://book.douban.com/subject/25854872/,https://img1.doubanio.com/view/subject/s/public/s27277427.jpg,算法帝国, ,7.2,461人,克里斯托弗•斯坦纳 / 李筱莹 / 人民邮电出版社 / 2014-6 / 49.00,暂无,克里斯托弗•斯坦纳,算法&计算机&科普&科技&思维&计算机科学&编程&互联网,人民邮电出版社
https://book.douban.com/subject/34785178/,https://img2.doubanio.com/view/subject/s/public/s33450653.jpg,Python数据结构与算法分析（第2版）, ,7.4,53人,[美] 布拉德利·米勒、[美] 戴维·拉努姆 / 吕能、刁寿钧 / 人民邮电出版社 / 2019-9-20 / 79.00元,了解数据结构与算法是透彻理解计算机科学的前提。随着Python日益广泛的应用，Python程序员需要实现与传统的面向对象编程语言相似的数据结构与算法。本书是... ,布拉德利·米勒&戴维·拉努姆,Python&算法&数据结构与算法&计算机&编程&计算机科学&机器学习,人民邮电出版社
https://book.douban.com/subject/1102235/,https://img9.doubanio.com/view/subject/s/public/s1986925.jpg,机器学习, ,8.3,820人,[美] Tom Mitchell / 曾华军、张银奎、等 / 机械工业出版社 / 2008-3 / 35.00元,《机器学习》展示了机器学习中核心的算法和理论，并阐明了算法的运行过程。《机器学习》综合了许多的研究成果，例如统计学、人工智能、哲学、信息论、生物学、认知科学... ,Tom Mitchell,机器学习&人工智能&计算机&数据挖掘&算法&AI&计算机科学&经典,机械工业出版社
https://book.douban.com/subject/35579290/,https://img2.doubanio.com/view/subject/s/public/s34052653.jpg,Competitive Programming 4 - Book 1,"The Lower Bound of Programming Contests in the 2020s, Book 1",暂无,少于10人,Steven Halim、Felix Halim、Suhendry Effendy / Lulu.com / 2018-12-3 / USD 19.99,"This Competitive Programming book, 4th edition (CP4) is a must have for every ... ",Steven Halim&Felix Halim&Suhendry Effendy,计算机科学&算法,Lulu.com
https://book.douban.com/subject/35687326/,https://img2.doubanio.com/view/subject/s/public/s34059641.jpg,The New Politics of Numbers,"Utopia, Evidence and Democracy",暂无,目前无人,Andrea Mennicken、Robert Salais / palgrave macmillan / 2022,This open access book offers unique insight into how and where ideas and instr... ,Andrea Mennicken&Robert Salais,量化&统计&算法&概率&大数据&哲学&历史&STS,palgrave macmillan
https://book.douban.com/subject/35034359/,https://img2.doubanio.com/view/subject/s/public/s33621311.jpg,数据压缩入门, ,8.5,19人,[美]柯尔特·麦克安利斯（Colt McAnlis）[美]亚历克斯·海奇（Ale / 王凌云 / 人民邮电出版社 / 2020-3 / 69元,本书的主题是数据压缩，也就是用最紧凑的方式来表示数据。本书先讲解了5类数据压缩算法，即变长编码、统计压缩、字典编码、上下文模型和多上下文模型，然后介绍了香农... ,柯尔特·麦克安利斯[Colt McAnlis][美]亚历克斯·海奇[Ale,算法&计算机科学&编码&计算机&大数据&软件开发&IT&2020书单,人民邮电出版社
https://book.douban.com/subject/35158799/,https://img1.doubanio.com/view/subject/s/public/s33949077.jpg,算法设计与分析 第2版, ,暂无,少于10人,,暂无,,算法&计算机科学&Algorithm, 
https://book.douban.com/subject/4615585/,https://img2.doubanio.com/view/subject/s/public/s29288753.jpg,A History of the Modern Fact,Problems of Knowledge in the Sciences of Wealth and Society,暂无,少于10人,Mary Poovey / University Of Chicago Press / 1998-11-15 / USD 46.00,"Exploring such questions as ""how did fact become modernity's most favoured uni... ",Mary Poovey,科学史&量化&统计&算法&大数据&历史,University Of Chicago Press
https://book.douban.com/subject/35579291/,https://img9.doubanio.com/view/subject/s/public/s34052655.jpg,Competitive Programming 4 - Book 2,The Lower Bound of Programming Contests in the 2020s · Book 2,暂无,目前无人,Steven Halim、Felix Halim、Suhendry Effendy / Lulu.com / 2020-7-18 / USD 22.99,"This Competitive Programming book, 4th edition (CP4) is a must have for every ... ",Steven Halim&Felix Halim&Suhendry Effendy,计算机科学&算法,Lulu.com
https://book.douban.com/subject/1755557/,https://img1.doubanio.com/view/subject/s/public/s2413338.jpg,Purely Functional Data Structures, ,9.2,37人,Chris Okasaki / Cambridge University Press / 1999-6-13 / USD 49.99,Most books on data structures assume an imperative language such as C or C++. ... ,Chris Okasaki,函数式编程&数据结构&算法&FP&计算机科学&编程&计算机&Programming,Cambridge University Press
https://book.douban.com/subject/2209702/,https://img2.doubanio.com/view/subject/s/public/s2653941.jpg,Programming Collective Intelligence,Building Smart Web 2.0 Applications,8.9,428人,Toby Segaran / O'Reilly Media / 2007-8-26 / USD 39.99,"Want to tap the power behind search rankings, product recommendations, social ... ",Toby Segaran,数据挖掘&python&programming&机器学习&算法&O&#39;Reilly,O'Reilly Media
https://book.douban.com/subject/26316200/,https://img2.doubanio.com/view/subject/s/public/s28001321.jpg,离散数学及其应用（原书第7版）, ,8.6,209人,Kenneth H. Rosen / 徐六通、杨娟、吴斌 / 机械工业出版社 / 2015-1-1 / 129,《计算机科学丛书：离散数学及其应用（原书第7版）》是介绍离散数学理论和方法的经典教材，已经成为采用率最高的离散数学教材，被美国众多名校用作教材，获得了极大的... ,Kenneth H. Rosen,离散数学&数学&计算机科学&计算机&编程&程序员&算法&编程前事,机械工业出版社
https://book.douban.com/subject/26383785/,https://img1.doubanio.com/view/subject/s/public/s28066049.jpg,MATLAB数值计算（2013修订版）, ,9.2,37人,[美] Cleve B. Moler / 张志涌 / 北京航空航天大学出版社 / 2015-1-1 / 52.00元,《MATLAB数值计算》经MATLAB、数值分析和科学计算之父Cleve Moler本人正式授权，是Numerical Computation with M... ,Cleve B. Moler,数学&matlab&编程&计算机&计算机科学&算法&自购&想读的书,北京航空航天大学出版社
https://book.douban.com/subject/24321451/,https://img2.doubanio.com/view/subject/s/public/s26376843.jpg,统计模拟,英文版 第5版,9.1,20人,（美）Sheldon M. Ross / 机械工业出版社 / 2013-5 / 59.00元,暂无,Sheldon M. Ross,统计&统计学&数学&Statistics&算法&计算机,机械工业出版社
https://book.douban.com/subject/26811310/,https://img9.doubanio.com/view/subject/s/public/s28789786.jpg,算法竞赛宝典-语言及算法入门, ,暂无,少于10人,张新华 / 清华大学出版社 / 2016-4 / 49.00,本套书的第一部──C++语言和算法入门，主要介绍在算法竞赛中需要用到的C++语言的语法知识及一些简单算法的运用，但与一般C++语言入门书不同的是，本部书在介... ,张新华,算法&数据结构与算法分析&计算机&教材,清华大学出版社
https://book.douban.com/subject/26811311/,https://img1.doubanio.com/view/subject/s/public/s28789788.jpg,算法竞赛宝典-基础算法艺术, ,暂无,少于10人,张新华 / 清华大学出版社 / 2016-4 / 89.00,本套书的第二部──基础算法艺术，重点介绍了各种基础算法的使用，如分治算法、贪心算法、枚举算法、动态规划算法等。书中的绝大多数题目都采用了“多向思考”、“一题... ,张新华,算法&数据结构与算法分析&编程&教材,清华大学出版社
https://book.douban.com/subject/34461616/,https://img2.doubanio.com/view/subject/s/public/s33319793.jpg,Hacking Life,Systematized Living and Its Discontents,8.1,22人,"Joseph Michael Reagle, Jr. / MIT Press / 2019-4-16","In an effort to keep up with a world of too much, life hackers sometimes risk ... ","Joseph Michael Reagle, Jr.",自我管理&认知&生活&万维钢&英文原版&自律&算法,MIT Press
https://book.douban.com/subject/30228407/,https://img2.doubanio.com/view/subject/s/public/s29774021.jpg,Algorithms of Oppression,How Search Engines Reinforce Racism,暂无,少于10人,Safiya Umoja Noble / NYU Press / 2018-2-20 / GBP 20.99,A revealing look at how negative biases against women of color are embedded in... ,Safiya Umoja Noble,算法,NYU Press
https://book.douban.com/subject/26425272/,https://img9.doubanio.com/view/subject/s/public/s28110176.jpg,词义消歧,算法与应用,暂无,少于10人,[西] Eneko Agirre、[英] Philip Edmonds / 北京大学出版社 / 2014-12 / 64.00元,暂无,Eneko Agirre&Philip Edmonds,NLP&计算机科学&计算机&算法&语言学&西班牙&2014,北京大学出版社
https://book.douban.com/subject/35443104/,https://img9.doubanio.com/view/subject/s/public/s33881404.jpg,Netflix Recommends,"Algorithms, Film Choice, and the History of Taste",暂无,目前无人,Mattias Frey / University of California Press / 2021-10 / £25.00,"Algorithmic recommender systems, deployed by media companies to suggest conten... ",Mattias Frey,算法&大数据&media&404,University of California Press
https://book.douban.com/subject/26437066/,https://img1.doubanio.com/view/subject/s/public/s28744278.jpg,推荐系统,技术、评估及高效算法,7.2,62人,[美]Francesco Ricci、[美]Lior Rokach、[美]Bracha Shapira、[美]Paul B.Kantor / 李艳民、胡聪、吴宾、王雪丽、丁彬钊 / 机械工业出版社 / 2015-7 / 139.00元,暂无,Francesco Ricci&Lior Rokach&Bracha Shapira&Paul B.Kantor,推荐系统&机器学习&数据挖掘&算法&计算机&人工智能&计算机科学&大数据,机械工业出版社
https://book.douban.com/subject/33459664/,https://img1.doubanio.com/view/subject/s/public/s33975559.jpg,编程的乐趣,用Python解算法谜题,暂无,少于10人,[美] Srini Devadas / 戴旭、李亚舟、许亚运 / 人民邮电出版社 / 2019-6-1 / 59.00 元,这是一本介绍通过解决复杂谜题来学习编程的书，书中的代码用Python语言编写。与以往的编程书不同，本书将对代码功能的理解与编程语言语法和语义的理解分离开来，... ,Srini Devadas,Python&算法&编程&计算机,人民邮电出版社
https://book.douban.com/subject/33358269/,https://img1.doubanio.com/view/subject/s/public/s32247179.jpg,How Our Days Became Numbered,Risk and the Rise of the Statistical Individual,暂无,目前无人,Dan Bouk / University Of Chicago Press / 2018-2-1 / USD 30.00,"Long before the age of ""Big Data"" or the rise of today's ""self-quantifiers,"" A... ",Dan Bouk,统计&STS&量化&算法&大数据,University Of Chicago Press
https://book.douban.com/subject/30142930/,https://img3.doubanio.com/view/subject/s/public/s29688470.jpg,算法设计与分析(Python), ,暂无,少于10人,程振波、李曲、王春平 / 清华大学出版社 / 2018-1-1 / 39,暂无,程振波&李曲&王春平,算法&编程&程序设计&思维,清华大学出版社
https://book.douban.com/subject/30231515/,https://img9.doubanio.com/view/subject/s/public/s33645944.jpg,码农翻身,用故事给技术加点料,8.7,614人,刘欣 / 电子工业出版社 / 2018-6-1 / 69.00元,暂无,刘欣,计算机&编程&IT&计算机科学&通俗&程序设计&技术&计算机系统,电子工业出版社
https://book.douban.com/subject/3177211/,https://img1.doubanio.com/view/subject/s/public/s9009788.jpg,The Probabilistic Method, ,9.8,31人,Noga Alon、Joel H. Spencer / Wiley-Interscience / 2008-8-11 / USD 137.00,"Praise for the  Second Edition :  ""Serious researchers in combinatorics or alg... ",Noga Alon&Joel H. Spencer,数学&组合数学&概率&计算机科学&算法&经典&math&图论,Wiley-Interscience
https://book.douban.com/subject/1484710/,https://img1.doubanio.com/view/subject/s/public/s4227237.jpg,Google's PageRank and Beyond,The Science of Search Engine Rankings,9.3,19人,Amy N. Langville、Carl D. Meyer / Princeton University Press / 2006-7-23 / USD 57.50,"Why doesn't your home page appear on the first page of search results, even wh... ",Amy N. Langville&Carl D. Meyer,Google&algorithm&算法&搜索引擎&learning&计算机科学&计算机&IR,Princeton University Press
https://book.douban.com/subject/26754536/,https://img1.doubanio.com/view/subject/s/public/s28546619.jpg,Java程序员面试宝典(第4版), ,4.5,20人,欧立奇、朱梅、段韬 / 电子工业出版社 / 2015-10-1,暂无,欧立奇&朱梅&段韬,面试&计算机&java&编程&算法&Java&中国,电子工业出版社
https://book.douban.com/subject/6052205/,https://img1.doubanio.com/view/subject/s/public/s22778797.jpg,MATLAB在数学建模中的应用, ,8.1,110人,卓金武 编 / 北京航空航天大学 / 2011-4 / 34.80元,《MATLAB在数学建模中的应用》从数学建模的角度介绍了MATLAB的应用。《MATLAB在数学建模中的应用》的4位作者均具有实际的数学建模参赛经历和竞赛指... ,卓金武 编,数学建模&Matlab&数学&算法&编程&计算机&工具书&程序,北京航空航天大学
https://book.douban.com/subject/26975991/,https://img9.doubanio.com/view/subject/s/public/s29347644.jpg,计算进化史,改变数学的命运,8.0,183人,[法] 吉尔·多维克 / 劳佳 / 人民邮电出版社 / 2017-2 / 39,本书从计算的变迁这一独特视角回顾了数学、逻辑学和哲学的历史沿革，展现了计算为数学研究发展带来的全新前景，展望了这场数学革命在自然科学、信息科学与哲学领域引发... ,吉尔·多维克,数学&科普&计算机&计算&计算机科学&历史&数学文化&哲学,人民邮电出版社
https://book.douban.com/subject/26577905/,https://img2.doubanio.com/view/subject/s/public/s28313261.jpg,数学建模（原书第5版）, ,7.8,11人,[美] Frank R. Giordano、[美] William P.Fox、[美] Steven B.Horton / 叶其孝、姜启源 / 机械工业出版社 / 2014-10-1 / 99.00元,《华章数学译丛：数学建模（原书第5版）》旨在指导学生初步掌握数学建模的思想和方法，共分两大部分：离散建模和连续建模，通过本书的学习，学生将有机会在创造性模型... ,Frank R. Giordano&William P.Fox&Steven B.Horton,数学&数学建模&算法&计算科学&专业相关&教材&商业&计算机,机械工业出版社
https://book.douban.com/subject/26783732/,https://img1.doubanio.com/view/subject/s/public/s28679027.jpg,Algorithms to Live By,The Computer Science of Human Decisions,8.3,312人,Brian Christian、Tom Griffiths / Henry Holt and Co. / 2016-4-19 / USD 30.00,A fascinating exploration of how insights from computer algorithms can be appl... ,Brian Christian&Tom Griffiths,算法&思维&计算机&Algorithms&方法论&科普&数学&心理学,Henry Holt and Co.
https://book.douban.com/subject/35401385/,https://img2.doubanio.com/view/subject/s/public/s33886211.jpg,人工智能算法 卷3,深度学习和神经网络（全彩印刷）,暂无,少于10人,[美] 杰弗瑞·希顿 / 王海鹏 / 人民邮电出版社 / 2021-3 / 89.90元,自早期以来，神经网络就一直是人工智能的支柱。现在，令人兴奋的新技术（例如深度学习和卷积）正在将神经网络带入一个全新的方向。在本书中，我们将演示各种现实世界任... ,杰弗瑞·希顿,人工智能&计算机科学&计算机&算法&翻过,人民邮电出版社
https://book.douban.com/subject/19986936/,https://img9.doubanio.com/view/subject/s/public/s24951306.jpg,深入浅出密码学, ,8.9,55人,Christof Paar、Jan Pelzl / 马小婷 / 清华大学出版社 / 2012-9 / 59.00元,密码学的应用范围日益扩大，它不仅用于政府通信和银行系统等传统领域，还用于Web浏览器、电子邮件程序、手机、制造系统、嵌入式软件、智能建筑、汽车甚至人体器官移... ,Christof Paar&Jan Pelzl,密码学&信息安全&网络安全&计算机&计算机科学&安全&数学&算法,清华大学出版社
https://book.douban.com/subject/2627156/,https://img1.doubanio.com/view/subject/s/public/s7993029.jpg,"The Art of Computer Programming, Volume 4A","Combinatorial Algorithms, Part 1",,28人,Donald E. Knuth / Addison-Wesley Professional / 2011-1-22 / $74.99,"The book is Volume 4A, because Volume 4 has itself become a multivolume undert... ",Donald E. Knuth,算法&Knuth&计算机科学&计算机&Algorithm&经典&程序设计&数学,Addison-Wesley Professional
https://book.douban.com/subject/3322362/,https://img3.doubanio.com/view/subject/s/public/s3389320.jpg,Algorithms in C++, ,暂无,少于10人,Robert Sedgewick / Addison-Wesley Professional / 2009-02-22 / USD 69.99,暂无,Robert Sedgewick,算法,Addison-Wesley Professional
https://book.douban.com/subject/27196412/,https://img1.doubanio.com/view/subject/s/public/s29606798.jpg,Technically Wrong,"Sexist Apps, Biased Algorithms, and Other Threats of Toxic Tech",暂无,少于10人,Sara Wachter-Boettcher / W. W. Norton &amp; Company / 2017-10-10 / USD 24.95,"“An entertaining romp that tells us where and why the tech industry, once Amer... ",Sara Wachter-Boettcher,英文原版&机器学习&工业设计&商业&传播学&UX&非虚构&量化,W. W. Norton &amp; Company
